Date,Open,High,Low,Close,Adj Close,Volume,Dividends,Stock Splits
2022-04-22,42.599998,71.970001,42.599998,57.0,39.533733,399900,0.0,0.0
2022-04-25,53.099998,62.040001,53.099998,55.830002,38.722256,62900,0.0,0.0
2022-04-26,47.970001,53.310001,33.75,48.630001,33.728519,155333,0.0,0.0
2022-04-27,42.959999,57.630001,12.18,15.36,10.653301,1781100,0.0,0.0
2022-04-28,12.51,14.01,10.83,12.51,8.676615,777400,0.0,0.0
2022-04-29,12.0,13.794,12.0,13.05,9.051145,282933,0.0,0.0
2022-05-02,12.57,13.5,12.15,12.84,8.905495,107467,0.0,0.0
2022-05-03,12.96,15.3,12.711,14.91,10.341193,316600,0.0,0.0
2022-05-04,13.83,18.299999,13.26,17.4,12.068193,203867,0.0,0.0
2022-05-05,16.68,22.023001,16.68,21.719999,15.064434,231900,0.0,0.0
2022-05-06,23.459999,23.459999,19.379999,20.459999,14.190529,147733,0.0,0.0
2022-05-09,19.74,24.603001,18.0,22.41,15.543,155633,0.0,0.0
2022-05-10,22.98,29.85,22.440001,28.379999,19.683638,147100,0.0,0.0
2022-05-11,27.75,29.49,27.33,28.521,19.781433,61833,0.0,0.0
2022-05-12,28.379999,32.34,27.186001,30.75,21.327412,44200,0.0,0.0
2022-05-13,30.870001,34.799999,19.065001,31.35,21.743555,146467,0.0,0.0
2022-05-16,31.35,34.5,31.35,33.630001,23.324905,16300,0.0,0.0
2022-05-17,33.240002,34.560001,33.18,33.810001,23.449749,6967,0.0,0.0
2022-05-18,33.0,34.334999,29.940001,32.639999,22.638266,15067,0.0,0.0
2022-05-19,31.35,41.321999,30.0,40.799999,28.297832,34167,0.0,0.0
2022-05-20,43.169998,45.0,36.18,43.349998,30.066446,32133,0.0,0.0
2022-05-23,40.139999,48.57,37.625999,46.110001,31.980713,32633,0.0,0.0
2022-05-24,42.509998,48.0,40.560001,41.759998,28.963663,39333,0.0,0.0
2022-05-25,38.16,39.419998,31.83,33.48,23.220869,17467,0.0,0.0
2022-05-26,34.59,36.810001,32.306999,33.360001,23.13764,1800,0.0,0.0
2022-05-27,36.75,45.900002,34.799999,44.970001,31.190037,15700,0.0,0.0
2022-05-31,42.869999,42.869999,34.200001,34.799999,24.136387,31100,0.0,0.0
2022-06-01,36.0,39.299999,36.0,36.48,25.30159,5567,0.0,0.0
2022-06-02,37.095001,43.5,35.660999,41.669998,28.901241,6167,0.0,0.0
2022-06-03,44.400002,47.099998,40.169998,46.68,32.376049,10100,0.0,0.0
2022-06-06,44.130001,46.169998,43.470001,44.310001,30.732281,41367,0.0,0.0
2022-06-07,43.380001,45.869999,40.439999,44.535,30.888332,2300,0.0,0.0
2022-06-08,41.400002,45.75,41.400002,44.094002,30.582466,3733,0.0,0.0
2022-06-09,45.18,45.18,41.040001,42.150002,29.234159,600,0.0,0.0
2022-06-10,42.530998,42.530998,37.59,37.950001,26.321146,14667,0.0,0.0
2022-06-13,37.77,37.77,30.66,34.139999,23.678627,52633,0.0,0.0
2022-06-14,32.757,32.759998,31.004999,31.004999,21.504271,2667,0.0,0.0
2022-06-15,30.870001,35.610001,28.799999,35.549999,24.656567,6833,0.0,0.0
2022-06-16,34.02,44.700001,32.700001,42.900002,29.754337,25767,0.0,0.0
2022-06-17,43.470001,43.470001,35.099998,43.470001,30.149675,27067,0.0,0.0
2022-06-21,41.849998,42.75,39.060001,40.380001,28.006531,6333,0.0,0.0
2022-06-22,39.150002,45.599998,39.150002,45.599998,31.626987,8633,0.0,0.0
2022-06-23,45.509998,53.459999,43.560001,53.099998,36.828796,20767,0.0,0.0
2022-06-24,47.07,49.080002,20.610001,37.860001,26.258724,725833,0.0,0.0
2022-06-27,35.700001,41.759998,33.869999,36.0,24.968678,146533,0.0,0.0
2022-06-28,38.759998,39.0,31.799999,39.0,27.0494,97633,0.0,0.0
2022-06-29,38.610001,38.610001,34.455002,36.93,25.613701,23200,0.0,0.0
2022-06-30,36.869999,38.52,35.970001,37.5,26.009039,5633,0.0,0.0
2022-07-01,36.66,39.0,36.165001,38.220001,26.50841,19300,0.0,0.0
2022-07-05,38.235001,38.235001,36.48,37.139999,25.75935,5533,0.0,0.0
2022-07-06,37.139999,37.919998,33.27,36.599998,25.384819,62133,0.0,0.0
2022-07-07,36.240002,37.830002,33.330002,36.84,25.551279,41933,0.0,0.0
2022-07-08,38.34,43.422001,37.77,40.470001,28.068953,43300,0.0,0.0
2022-07-11,40.23,42.75,38.400002,40.560001,28.131376,79867,0.0,0.0
2022-07-12,40.799999,41.91,39.0,40.560001,28.131376,23033,0.0,0.0
2022-07-13,38.970001,40.439999,36.0,38.130001,26.445992,101267,0.0,0.0
2022-07-14,37.650002,37.860001,31.5,33.029999,22.908758,73667,0.0,0.0
2022-07-15,32.400002,35.639999,32.400002,35.16,24.386072,21800,0.0,0.0
2022-07-18,34.470001,39.0,34.470001,38.580002,26.758099,38400,0.0,0.0
2022-07-19,37.200001,38.25,33.209999,36.299999,25.176748,18467,0.0,0.0
2022-07-20,33.953999,37.619999,8.55,9.0,6.242169,3794100,0.0,0.0
2022-07-21,8.64,9.39,7.41,8.7,6.034097,1403567,0.0,0.0
2022-07-22,9.15,9.42,7.83,8.19,5.680373,670833,0.0,0.0
2022-07-25,8.04,8.04,6.96,7.26,5.03535,423400,0.0,0.0
2022-07-26,6.3,6.69,5.7,5.88,4.078217,441100,0.0,0.0
2022-07-27,6.06,6.06,4.95,5.19,3.599651,358333,0.0,0.0
2022-07-28,5.19,6.6,5.19,5.52,3.82853,846067,0.0,0.0
2022-07-29,5.4,6.15,5.31,5.91,4.099024,296533,0.0,0.0
2022-08-01,5.88,6.09,5.55,5.91,4.099024,118233,0.0,0.0
2022-08-02,6.03,7.05,5.76,6.51,4.515169,773933,0.0,0.0
2022-08-03,6.48,6.861,5.7,5.73,3.974181,309800,0.0,0.0
2022-08-04,5.7,6.03,5.46,5.76,3.994988,142800,0.0,0.0
2022-08-05,5.55,6.15,5.55,5.877,4.076136,178600,0.0,0.0
2022-08-08,5.88,6.9,5.76,6.57,4.556783,611700,0.0,0.0
2022-08-09,6.33,6.45,5.79,5.85,4.05741,194700,0.0,0.0
2022-08-10,5.94,6.21,5.76,6.0,4.161446,137167,0.0,0.0
2022-08-11,6.03,6.42,5.88,6.0,4.161446,200100,0.0,0.0
2022-08-12,6.0,6.0,5.64,5.7,3.953373,104333,0.0,0.0
2022-08-15,5.73,5.88,5.58,5.64,3.911759,99600,0.0,0.0
2022-08-16,5.64,6.87,5.46,6.81,4.723241,958733,0.0,0.0
2022-08-17,7.74,11.04,7.23,7.26,5.03535,12772700,0.0,0.0
2022-08-18,6.93,7.05,6.18,6.42,4.452747,660400,0.0,0.0
2022-08-19,6.06,6.195,5.67,5.94,4.119832,361700,0.0,0.0
2022-08-22,6.0,6.24,5.7,5.76,3.994988,146900,0.0,0.0
2022-08-23,5.79,6.06,5.73,5.79,4.015795,116833,0.0,0.0
2022-08-24,5.85,6.0,5.61,5.82,4.036602,118000,0.0,0.0
2022-08-25,5.82,5.94,5.73,5.79,4.015795,53833,0.0,0.0
2022-08-26,5.7,5.775,5.1,5.16,3.578843,138367,0.0,0.0
2022-08-29,4.95,5.25,4.74,5.07,3.516422,78133,0.0,0.0
2022-08-30,5.07,5.217,4.74,4.8,3.329157,78000,0.0,0.0
2022-08-31,4.92,5.07,3.78,4.17,2.892205,164867,0.0,0.0
2022-09-01,4.23,4.47,3.96,4.05,2.808976,54800,0.0,0.0
2022-09-02,4.11,4.218,3.9,4.05,2.808976,48900,0.0,0.0
2022-09-06,3.96,4.11,3.6,3.66,2.538482,70300,0.0,0.0
2022-09-07,3.6,4.14,3.57,3.99,2.767362,61467,0.0,0.0
2022-09-08,4.059,4.2,3.9,3.96,2.746554,41300,0.0,0.0
2022-09-09,3.9,4.2,3.9,4.08,2.829783,56800,0.0,0.0
2022-09-12,4.155,4.62,4.14,4.29,2.975434,72733,0.0,0.0
2022-09-13,4.26,4.26,3.84,4.05,2.808976,41033,0.0,0.0
2022-09-14,3.96,4.17,3.855,4.08,2.829783,38533,0.0,0.0
2022-09-15,3.96,4.14,3.96,4.02,2.788169,16900,0.0,0.0
2022-09-16,3.87,4.02,3.75,3.81,2.642518,37133,0.0,0.0
2022-09-19,3.816,3.93,3.6,3.72,2.580096,16667,0.0,0.0
2022-09-20,3.78,3.78,3.54,3.6,2.496867,21833,0.0,0.0
2022-09-21,3.6,3.75,3.42,3.42,2.372024,33600,0.0,0.0
2022-09-22,3.39,3.51,2.796,2.94,2.039109,93733,0.0,0.0
2022-09-23,2.91,2.94,2.64,2.733,1.895539,35833,0.0,0.0
2022-09-26,2.964,2.964,2.79,2.805,1.945476,10200,0.0,0.0
2022-09-27,2.82,2.826,2.403,2.73,1.893458,21067,0.0,0.0
2022-09-28,2.73,2.85,2.46,2.751,1.908023,9467,0.0,0.0
2022-09-29,2.589,2.703,2.52,2.589,1.795664,15233,0.0,0.0
2022-09-30,2.61,2.742,2.55,2.556,1.772776,6833,0.0,0.0
2022-10-03,2.706,2.706,2.535,2.553,1.770695,9533,0.0,0.0
2022-10-04,2.682,2.745,2.556,2.589,1.795664,24600,0.0,0.0
2022-10-05,2.598,2.598,2.43,2.547,1.766534,30633,0.0,0.0
2022-10-06,2.52,2.619,2.46,2.547,1.766534,23767,0.0,0.0
2022-10-07,2.499,2.58,2.43,2.469,1.712435,12433,0.0,0.0
2022-10-10,2.469,2.55,2.37,2.4,1.664578,9100,0.0,0.0
2022-10-11,2.34,2.46,2.34,2.391,1.658336,14900,0.0,0.0
2022-10-12,2.43,2.43,2.292,2.331,1.616722,15233,0.0,0.0
2022-10-13,2.28,2.4,2.259,2.4,1.664578,16700,0.0,0.0
2022-10-14,2.4,2.55,2.4,2.514,1.743646,28633,0.0,0.0
2022-10-17,2.439,2.571,2.34,2.52,1.747807,15400,0.0,0.0
2022-10-18,2.412,2.544,2.412,2.514,1.743646,14067,0.0,0.0
2022-10-19,2.472,2.55,2.412,2.43,1.685386,5333,0.0,0.0
2022-10-20,2.415,2.46,2.331,2.4,1.664578,8200,0.0,0.0
2022-10-21,2.469,2.475,2.355,2.415,1.674982,5467,0.0,0.0
2022-10-24,2.37,2.4,2.22,2.256,1.564704,33767,0.0,0.0
2022-10-25,2.316,2.37,2.283,2.37,1.643771,11067,0.0,0.0
2022-10-26,2.43,2.49,2.4,2.403,1.666659,5400,0.0,0.0
2022-10-27,2.403,2.442,2.31,2.313,1.604237,17467,0.0,0.0
2022-10-28,2.28,2.46,2.268,2.4,1.664578,10767,0.0,0.0
2022-10-31,2.451,2.451,2.28,2.31,1.602157,4033,0.0,0.0
2022-11-01,2.313,2.313,2.28,2.307,1.600076,8433,0.0,0.0
2022-11-02,2.28,2.4,2.22,2.337,1.620883,11767,0.0,0.0
2022-11-03,2.31,2.334,2.19,2.292,1.589672,2433,0.0,0.0
2022-11-04,2.259,2.316,2.16,2.22,1.539735,10567,0.0,0.0
2022-11-07,2.22,2.28,2.139,2.16,1.498121,9100,0.0,0.0
2022-11-08,2.268,2.268,2.1,2.1,1.456506,4167,0.0,0.0
2022-11-09,2.103,2.238,1.95,1.95,1.35247,16333,0.0,0.0
2022-11-10,1.959,2.22,1.959,2.115,1.46691,6533,0.0,0.0
2022-11-11,2.13,2.142,2.034,2.1,1.456506,11567,0.0,0.0
2022-11-14,2.07,2.175,1.983,2.103,1.458587,8800,0.0,0.0
2022-11-15,2.1,2.19,2.1,2.181,1.512686,2633,0.0,0.0
2022-11-16,2.19,2.19,2.01,2.01,1.394084,6533,0.0,0.0
2022-11-17,2.154,2.16,1.989,1.992,1.3816,5733,0.0,0.0
2022-11-18,2.049,2.049,1.803,1.83,1.269241,19733,0.0,0.0
2022-11-21,1.773,1.86,1.65,1.815,1.258837,16267,0.0,0.0
2022-11-22,1.92,2.016,1.68,1.773,1.229707,14767,0.0,0.0
2022-11-23,1.77,2.46,1.743,2.298,1.593834,167233,0.0,0.0
2022-11-25,3.24,3.39,2.61,2.79,1.935072,4668833,0.0,0.0
2022-11-28,2.388,2.988,2.31,2.97,2.059916,520233,0.0,0.0
2022-11-29,2.826,3.12,2.64,2.82,1.955879,184067,0.0,0.0
2022-11-30,2.88,2.94,2.481,2.661,1.845601,57300,0.0,0.0
2022-12-01,2.55,2.673,2.31,2.367,1.64169,45967,0.0,0.0
2022-12-02,2.295,2.367,2.16,2.334,1.618803,25633,0.0,0.0
2022-12-05,2.361,2.82,2.361,2.67,1.851844,68667,0.0,0.0
2022-12-06,2.76,3.0,2.73,2.85,1.976687,83433,0.0,0.0
2022-12-07,2.97,3.15,2.94,3.15,2.184759,87467,0.0,0.0
2022-12-08,3.105,3.105,2.733,2.871,1.991252,19467,0.0,0.0
2022-12-09,2.814,2.892,2.703,2.703,1.874731,8167,0.0,0.0
2022-12-12,2.7,2.832,2.43,2.499,1.733242,17267,0.0,0.0
2022-12-13,2.58,2.7,2.58,2.691,1.866408,14067,0.0,0.0
2022-12-14,2.79,2.79,2.58,2.685,1.862247,5167,0.0,0.0
2022-12-15,2.61,2.79,2.481,2.619,1.816471,8833,0.0,0.0
2022-12-16,2.55,2.583,2.52,2.55,1.768615,5100,0.0,0.0
2022-12-19,2.52,2.52,2.283,2.283,1.58343,11133,0.0,0.0
2022-12-20,2.43,2.43,2.1,2.1,1.456506,18500,0.0,0.0
2022-12-21,2.058,2.34,2.058,2.145,1.487717,14067,0.0,0.0
2022-12-22,2.091,2.328,2.091,2.115,1.46691,4300,0.0,0.0
2022-12-23,2.091,2.205,2.01,2.148,1.489798,3567,0.0,0.0
2022-12-27,2.091,2.52,2.01,2.04,1.414892,12400,0.0,0.0
2022-12-28,2.13,2.16,1.74,1.806,1.252595,13133,0.0,0.0
2022-12-29,1.74,2.145,1.74,1.95,1.35247,15533,0.0,0.0
2022-12-30,2.484,2.484,2.04,2.208,1.531412,11700,0.0,0.0
2023-01-03,2.13,2.25,2.04,2.19,1.518928,8367,0.0,0.0
2023-01-04,2.079,2.25,1.695,1.953,1.354551,46567,0.0,0.0
2023-01-05,1.965,2.007,1.83,1.92,1.331663,10733,0.0,0.0
2023-01-06,1.92,2.244,1.92,2.091,1.450264,18767,0.0,0.0
2023-01-09,2.16,2.235,2.013,2.046,1.419053,10200,0.0,0.0
2023-01-10,2.19,2.235,2.07,2.16,1.498121,11733,0.0,0.0
2023-01-11,2.1,2.37,2.1,2.337,1.620883,20333,0.0,0.0
2023-01-12,2.28,2.37,2.25,2.28,1.581349,8633,0.0,0.0
2023-01-13,2.325,2.325,2.16,2.178,1.510605,22000,0.0,0.0
2023-01-17,2.28,2.28,2.16,2.271,1.575107,14767,0.0,0.0
2023-01-18,2.28,2.28,2.16,2.235,1.550139,4500,0.0,0.0
2023-01-19,2.205,2.25,2.16,2.226,1.543896,4167,0.0,0.0
2023-01-20,2.226,2.259,2.22,2.223,1.541816,14500,0.0,0.0
2023-01-23,2.25,2.25,2.16,2.22,1.539735,21067,0.0,0.0
2023-01-24,2.193,2.283,2.16,2.202,1.527251,9533,0.0,0.0
2023-01-25,2.16,2.226,2.16,2.226,1.543896,4200,0.0,0.0
2023-01-26,2.256,2.295,2.16,2.19,1.518928,5333,0.0,0.0
2023-01-27,2.19,2.247,2.16,2.19,1.518928,6933,0.0,0.0
2023-01-30,2.19,2.22,2.154,2.22,1.539735,7633,0.0,0.0
2023-01-31,2.16,2.22,2.154,2.19,1.518928,3967,0.0,0.0
2023-02-01,2.16,2.28,2.16,2.163,1.500201,10633,0.0,0.0
2023-02-02,2.181,2.22,2.067,2.13,1.477313,22800,0.0,0.0
2023-02-03,2.22,2.22,2.07,2.217,1.537654,9200,0.0,0.0
2023-02-06,2.07,2.22,2.07,2.22,1.539735,12033,0.0,0.0
2023-02-07,2.184,2.214,2.07,2.16,1.498121,7000,0.0,0.0
2023-02-08,2.184,2.184,2.07,2.145,1.487717,5167,0.0,0.0
2023-02-09,2.139,3.27,2.136,2.76,1.914265,1907933,0.0,0.0
2023-02-10,2.43,2.55,2.202,2.4,1.664578,233400,0.0,0.0
2023-02-13,2.43,3.12,2.319,3.0,2.080723,180300,0.0,0.0
2023-02-14,2.697,3.21,2.646,2.94,2.039109,179433,0.0,0.0
2023-02-15,2.97,2.973,2.34,2.61,1.810229,69933,0.0,0.0
2023-02-16,2.7,2.94,2.46,2.46,1.706193,24033,0.0,0.0
2023-02-17,2.46,2.52,2.46,2.46,1.706193,4367,0.0,0.0
2023-02-21,2.64,2.64,2.25,2.265,1.570946,35533,0.0,0.0
2023-02-22,2.235,2.256,2.1,2.154,1.493959,28067,0.0,0.0
2023-02-23,2.25,2.25,2.13,2.163,1.500201,5900,0.0,0.0
2023-02-24,2.163,2.19,2.1,2.139,1.483555,13000,0.0,0.0
2023-02-27,2.133,2.157,2.1,2.157,1.49604,8933,0.0,0.0
2023-02-28,2.1,2.208,2.1,2.163,1.500201,4467,0.0,0.0
2023-03-01,2.16,2.175,2.112,2.112,1.464829,9700,0.0,0.0
2023-03-02,2.1,2.214,2.1,2.1,1.456506,7967,0.0,0.0
2023-03-03,2.076,2.184,1.98,2.121,1.471071,28267,0.0,0.0
2023-03-06,2.049,2.16,2.049,2.097,1.454425,15867,0.0,0.0
2023-03-07,2.055,2.13,1.95,2.13,1.477313,8667,0.0,0.0
2023-03-08,1.983,2.112,1.98,2.031,1.408649,7033,0.0,0.0
2023-03-09,2.01,2.097,1.98,1.98,1.373277,1267,0.0,0.0
2023-03-10,1.95,1.986,1.92,1.965,1.362874,3300,0.0,0.0
2023-03-13,1.965,2.04,1.953,1.953,1.354551,5533,0.0,0.0
2023-03-14,2.055,2.055,1.953,1.98,1.373277,3533,0.0,0.0
2023-03-15,1.95,2.001,1.8,1.839,1.275483,9167,0.0,0.0
2023-03-16,1.83,1.86,1.77,1.8,1.248434,2533,0.0,0.0
2023-03-17,1.77,1.815,1.65,1.665,1.154801,18900,0.0,0.0
2023-03-20,1.77,1.773,1.62,1.668,1.156882,9600,0.0,0.0
2023-03-21,1.68,1.74,1.62,1.725,1.196416,7733,0.0,0.0
2023-03-22,1.74,1.74,1.506,1.668,1.156882,15967,0.0,0.0
2023-03-23,1.605,1.74,1.605,1.728,1.198496,13167,0.0,0.0
2023-03-24,1.71,1.71,1.59,1.632,1.131913,1667,0.0,0.0
2023-03-27,1.689,1.689,1.62,1.623,1.125671,6933,0.0,0.0
2023-03-28,1.626,1.725,1.59,1.593,1.104864,15800,0.0,0.0
2023-03-29,1.674,1.674,1.59,1.59,1.102783,3600,0.0,0.0
2023-03-30,1.59,1.635,1.56,1.575,1.09238,6433,0.0,0.0
2023-03-31,1.56,1.62,1.56,1.575,1.09238,9700,0.0,0.0
2023-04-03,1.674,1.674,1.5,1.581,1.096541,10200,0.0,0.0
2023-04-04,1.578,1.656,1.53,1.575,1.09238,5800,0.0,0.0
2023-04-05,1.53,1.587,1.353,1.38,0.957133,17200,0.0,0.0
2023-04-06,1.476,1.587,1.392,1.416,0.982101,8800,0.0,0.0
2023-04-10,1.341,1.56,1.341,1.443,1.000828,6800,0.0,0.0
2023-04-11,1.527,1.557,1.41,1.44,0.998747,4400,0.0,0.0
2023-04-12,1.485,1.512,1.44,1.443,1.000828,1433,0.0,0.0
2023-04-13,1.5,1.587,1.44,1.443,1.000828,3233,0.0,0.0
2023-04-14,1.5,1.56,1.44,1.44,0.998747,2133,0.0,0.0
2023-04-17,1.521,1.587,1.515,1.56,1.081976,10933,0.0,0.0
2023-04-18,1.53,1.56,1.44,1.56,1.081976,4600,0.0,0.0
2023-04-19,1.47,1.884,1.47,1.644,1.140236,74600,0.0,0.0
2023-04-20,1.59,1.59,1.443,1.47,1.019554,7700,0.0,0.0
2023-04-21,1.56,1.62,1.482,1.59,1.102783,1367,0.0,0.0
2023-04-24,1.587,1.587,1.5,1.5,1.040362,6100,0.0,0.0
2023-04-25,1.473,1.884,1.473,1.545,1.071572,61067,0.0,0.0
2023-04-26,1.512,1.65,1.44,1.53,1.061169,14867,0.0,0.0
2023-04-27,1.56,1.617,1.491,1.5,1.040362,9800,0.0,0.0
2023-04-28,1.62,1.665,1.539,1.665,1.154801,11300,0.0,0.0
2023-05-01,1.71,1.83,1.296,1.56,1.081976,33433,0.0,0.0
2023-05-02,1.56,1.68,1.5,1.53,1.061169,6400,0.0,0.0
2023-05-03,1.53,1.65,1.527,1.65,1.144398,1967,0.0,0.0
2023-05-04,1.53,1.68,1.455,1.455,1.009151,10733,0.0,0.0
2023-05-05,1.455,1.5,1.455,1.485,1.029958,5633,0.0,0.0
2023-05-08,1.428,2.511,1.428,2.37,1.643771,250633,0.0,0.0
2023-05-09,2.007,2.007,1.71,1.77,1.227627,59667,0.0,0.0
2023-05-10,1.572,1.74,1.503,1.503,1.042442,61333,0.0,0.0
2023-05-11,1.53,1.59,1.383,1.56,1.081976,19900,0.0,0.0
2023-05-12,1.62,1.77,1.473,1.65,1.144398,27867,0.0,0.0
2023-05-15,1.725,2.1,1.65,1.86,1.290048,134967,0.0,0.0
2023-05-16,1.68,1.809,1.512,1.545,1.071572,812167,0.0,0.0
2023-05-17,1.92,2.16,1.746,2.1,1.456506,1435167,0.0,0.0
2023-05-18,1.86,2.01,1.74,1.905,1.321259,172833,0.0,0.0
2023-05-19,1.806,2.46,1.806,2.4,1.664578,273167,0.0,0.0
2023-05-22,2.1,2.37,2.1,2.34,1.622964,42367,0.0,0.0
2023-05-23,2.316,2.415,2.184,2.304,1.597995,34700,0.0,0.0
2023-05-24,2.208,2.304,2.073,2.103,1.458587,19500,0.0,0.0
2023-05-25,2.1,2.184,1.989,2.106,1.460667,4467,0.0,0.0
2023-05-26,2.01,2.16,1.995,2.16,1.498121,13567,0.0,0.0
2023-05-30,2.1,2.1,1.962,1.962,1.360793,13333,0.0,0.0
2023-05-31,1.95,2.064,1.95,2.04,1.414892,1300,0.0,0.0
2023-06-01,1.92,2.037,1.65,1.845,1.279645,62567,0.0,0.0
2023-06-02,1.86,1.89,1.68,1.827,1.26716,26033,0.0,0.0
2023-06-05,1.827,1.917,1.8,1.815,1.258837,5400,0.0,0.0
2023-06-06,1.845,2.04,1.752,1.767,1.225546,12667,0.0,0.0
2023-06-07,1.89,1.89,1.743,1.86,1.290048,1400,0.0,0.0
2023-06-08,1.83,1.845,1.725,1.83,1.269241,5433,0.0,0.0
2023-06-09,1.725,1.818,1.725,1.734,1.202658,8367,0.0,0.0
2023-06-12,1.752,1.818,1.713,1.713,1.188093,5833,0.0,0.0
2023-06-13,1.86,1.86,1.71,1.731,1.200577,7933,0.0,0.0
2023-06-14,1.71,1.731,1.533,1.704,1.181851,18167,0.0,0.0
2023-06-15,1.68,1.755,1.62,1.623,1.125671,8200,0.0,0.0
2023-06-16,1.674,1.698,1.623,1.674,1.161043,7900,0.0,0.0
2023-06-20,1.632,1.632,1.494,1.569,1.088218,21267,0.0,0.0
2023-06-21,1.53,1.653,1.524,1.65,1.144398,4333,0.0,0.0
2023-06-22,1.557,1.635,1.557,1.626,1.127752,2467,0.0,0.0
2023-06-23,1.677,1.68,1.557,1.557,1.079895,15167,0.0,0.0
2023-06-26,1.56,1.65,1.536,1.65,1.144398,3600,0.0,0.0
2023-06-27,1.65,1.68,1.587,1.62,1.12359,2667,0.0,0.0
2023-06-28,1.473,1.71,1.473,1.65,1.144398,6467,0.0,0.0
2023-06-29,1.65,1.68,1.494,1.671,1.158963,3167,0.0,0.0
2023-06-30,1.584,1.668,1.584,1.62,1.12359,2533,0.0,0.0
2023-07-03,1.59,1.59,1.53,1.53,1.061169,167,0.0,0.0
2023-07-05,1.59,1.71,1.59,1.71,1.186012,11467,0.0,0.0
2023-07-06,1.593,1.71,1.593,1.611,1.117348,600,0.0,0.0
2023-07-07,1.557,1.62,1.557,1.62,1.12359,2400,0.0,0.0
2023-07-10,1.65,1.65,1.566,1.566,1.086137,4467,0.0,0.0
2023-07-11,1.56,1.8,1.56,1.677,1.163124,667,0.0,0.0
2023-07-12,1.83,1.83,1.605,1.698,1.177689,4967,0.0,0.0
2023-07-13,1.698,1.8,1.656,1.797,1.246353,9633,0.0,0.0
2023-07-14,1.8,1.872,1.743,1.836,1.273402,4567,0.0,0.0
2023-07-17,1.68,1.746,1.62,1.746,1.210981,3200,0.0,0.0
2023-07-18,1.731,1.731,1.701,1.707,1.183931,2700,0.0,0.0
2023-07-19,1.668,1.74,1.62,1.68,1.165205,5433,0.0,0.0
2023-07-20,1.656,1.656,1.2,1.545,1.071572,16367,0.0,0.0
2023-07-21,1.533,1.65,1.44,1.62,1.12359,3433,0.0,0.0
2023-07-24,1.677,1.677,1.344,1.41,0.97794,19233,0.0,0.0
2023-07-25,1.41,1.74,1.41,1.53,1.061169,10833,0.0,0.0
2023-07-26,1.608,1.632,1.56,1.56,1.081976,7433,0.0,0.0
2023-07-27,1.56,1.68,1.458,1.587,1.100702,2500,0.0,0.0
2023-07-28,1.647,1.68,1.476,1.56,1.081976,10200,0.0,0.0
2023-07-31,1.578,1.578,1.563,1.578,1.09446,733,0.0,0.0
2023-08-01,1.56,1.68,1.56,1.665,1.154801,4000,0.0,0.0
2023-08-02,1.569,1.74,1.44,1.44,0.998747,31500,0.0,0.0
2023-08-03,1.47,1.632,1.41,1.575,1.09238,7200,0.0,0.0
2023-08-04,1.473,1.56,1.473,1.5,1.040362,4400,0.0,0.0
2023-08-07,1.512,1.65,1.509,1.56,1.081976,2533,0.0,0.0
2023-08-08,1.5,1.566,1.5,1.566,1.086137,1133,0.0,0.0
2023-08-09,1.56,1.59,1.38,1.5,1.040362,87333,0.0,0.0
2023-08-10,1.5,1.578,1.38,1.47,1.019554,27633,0.0,0.0
2023-08-11,1.545,1.59,1.47,1.545,1.071572,8433,0.0,0.0
2023-08-14,1.506,1.527,1.32,1.449,1.004989,7800,0.0,0.0
2023-08-15,1.41,1.53,1.41,1.53,1.061169,633,0.0,0.0
2023-08-16,1.422,1.494,1.17,1.173,0.813563,28167,0.0,0.0
2023-08-17,1.302,1.302,1.089,1.11,0.769868,61000,0.0,0.0
2023-08-18,1.089,1.32,1.05,1.11,0.769868,22533,0.0,0.0
2023-08-21,1.11,1.188,0.999,1.005,0.697042,19000,0.0,0.0
2023-08-22,0.996,1.065,0.903,0.915,0.634621,456567,0.0,0.0
2023-08-23,0.933,0.957,0.723,0.78,0.540988,427633,0.0,0.0
2023-08-24,0.882,1.8,0.828,1.077,0.74698,2658933,0.0,0.0
2023-08-25,0.87,1.353,0.87,1.11,0.769868,381100,0.0,0.0
2023-08-28,1.077,1.263,0.99,1.197,0.830209,204933,0.0,0.0
2023-08-29,1.23,1.26,1.11,1.23,0.853096,64100,0.0,0.0
2023-08-30,1.215,1.41,1.2,1.323,0.917599,79600,0.0,0.0
2023-08-31,1.368,1.764,1.323,1.761,1.221384,101467,0.0,0.0
2023-09-01,1.62,1.677,1.455,1.458,1.011231,10067,0.0,0.0
2023-09-05,1.56,1.629,1.56,1.596,1.106945,20667,0.0,0.0
2023-09-06,1.563,1.68,1.53,1.608,1.115268,72567,0.0,0.0
2023-09-07,1.62,1.674,1.575,1.638,1.136075,31900,0.0,0.0
2023-09-08,1.614,1.65,1.575,1.605,1.113187,19067,0.0,0.0
2023-09-11,1.65,1.65,1.53,1.587,1.100702,7933,0.0,0.0
2023-09-12,1.551,1.551,1.434,1.485,1.029958,4567,0.0,0.0
2023-09-13,1.47,1.5,1.47,1.476,1.023716,8233,0.0,0.0
2023-09-14,1.5,1.62,1.482,1.59,1.102783,4467,0.0,0.0
2023-09-15,1.56,1.59,1.5,1.503,1.042442,40867,0.0,0.0
2023-09-18,1.5,1.59,1.5,1.548,1.073653,10933,0.0,0.0
2023-09-19,1.545,1.575,1.545,1.545,1.071572,667,0.0,0.0
2023-09-20,1.545,1.68,1.545,1.548,1.073653,11600,0.0,0.0
2023-09-21,1.548,1.68,1.545,1.545,1.071572,23100,0.0,0.0
2023-09-22,1.545,1.62,1.545,1.584,1.098622,3267,0.0,0.0
2023-09-25,1.65,1.65,1.554,1.635,1.133994,23567,0.0,0.0
2023-09-26,1.62,1.62,1.554,1.554,1.077815,17700,0.0,0.0
2023-09-27,1.584,1.59,1.56,1.56,1.081976,7567,0.0,0.0
2023-09-28,1.605,1.635,1.605,1.635,1.133994,633,0.0,0.0
2023-09-29,1.635,1.635,1.521,1.545,1.071572,5533,0.0,0.0
2023-10-02,1.524,1.524,1.302,1.302,0.903034,1167,0.0,0.0
2023-10-03,1.365,1.437,1.2,1.26,0.873904,10400,0.0,0.0
2023-10-04,1.29,1.437,1.29,1.419,0.984182,4833,0.0,0.0
2023-10-05,1.419,1.422,1.32,1.32,0.915518,2700,0.0,0.0
2023-10-06,1.395,1.44,1.35,1.38,0.957133,4600,0.0,0.0
2023-10-09,1.5,1.575,1.461,1.488,1.032039,14067,0.0,0.0
2023-10-10,1.488,1.578,1.488,1.488,1.032039,4400,0.0,0.0
2023-10-11,1.488,1.56,1.38,1.38,0.957133,10433,0.0,0.0
2023-10-12,1.383,1.53,1.38,1.41,0.97794,1333,0.0,0.0
2023-10-13,1.41,1.485,1.26,1.26,0.873904,17833,0.0,0.0
2023-10-16,1.21,1.4,1.21,1.28,0.887775,20800,0.0,0.333333
2023-10-17,1.26,1.42,1.26,1.33,0.922454,7400,0.0,0.0
2023-10-18,1.35,1.4,1.34,1.36,0.943261,8600,0.0,0.0
2023-10-19,1.32,1.34,1.3,1.321,0.916212,11400,0.0,0.0
2023-10-20,1.3,1.31,1.3,1.31,0.908582,2000,0.0,0.0
2023-10-23,1.272,1.31,1.22,1.22,0.846161,9700,0.0,0.0
2023-10-24,1.19,1.295,1.19,1.24,0.860032,5300,0.0,0.0
2023-10-25,1.289,1.29,1.28,1.285,0.891243,3000,0.0,0.0
2023-10-26,1.2,1.4,1.2,1.26,0.873904,2400,0.0,0.0
2023-10-27,1.19,1.21,1.19,1.2,0.832289,1200,0.0,0.0
2023-10-30,1.2,1.2,1.2,1.2,0.832289,0,0.0,0.0
2023-10-31,1.1,1.1,0.95,0.95,0.658896,600,0.0,0.0
2023-11-01,0.95,0.95,0.85,0.91,0.631153,13000,0.0,0.0
2023-11-02,1.0,1.01,0.94,0.94,0.65196,1700,0.0,0.0
2023-11-03,0.94,0.99,0.87,0.87,0.60341,4700,0.0,0.0
2023-11-06,1.02,1.02,0.959,0.959,0.665138,6500,0.0,0.0
2023-11-07,1.0,1.0,0.901,1.0,0.693574,2200,0.0,0.0
2023-11-08,0.95,1.06,0.9,0.9,0.624217,11000,0.0,0.0
2023-11-09,0.9,0.9,0.77,0.77,0.534052,23000,0.0,0.0
2023-11-10,0.699,0.753,0.68,0.753,0.522261,11400,0.0,0.0
2023-11-13,0.75,0.79,0.68,0.79,0.547924,4500,0.0,0.0
2023-11-14,0.766,0.766,0.733,0.74,0.513245,1000,0.0,0.0
2023-11-15,0.703,0.8,0.703,0.729,0.505616,8600,0.0,0.0
2023-11-16,0.73,0.73,0.729,0.73,0.506309,700,0.0,0.0
2023-11-17,0.732,0.732,0.732,0.732,0.507696,2900,0.0,0.0
2023-11-20,0.748,0.748,0.732,0.74,0.513245,1800,0.0,0.0
2023-11-21,0.76,0.785,0.76,0.785,0.544456,1600,0.0,0.0
2023-11-22,0.785,0.805,0.785,0.805,0.558327,1000,0.0,0.0
2023-11-24,0.891,0.891,0.891,0.891,0.617975,300,0.0,0.0
2023-11-27,0.9,0.989,0.9,0.97,0.672767,8800,0.0,0.0
2023-11-28,0.945,0.945,0.834,0.86,0.596474,7700,0.0,0.0
2023-11-29,0.86,0.87,0.86,0.87,0.60341,700,0.0,0.0
2023-11-30,0.84,0.99,0.82,0.921,0.638782,5500,0.0,0.0
2023-12-01,0.693,0.86,0.693,0.85,0.589538,7800,0.0,0.0
2023-12-04,0.85,0.989,0.83,0.842,0.58399,6900,0.0,0.0
2023-12-05,0.862,0.862,0.74,0.76,0.527116,900,0.0,0.0
2023-12-06,0.781,0.87,0.76,0.833,0.577747,73900,0.0,0.0
2023-12-07,0.831,0.88,0.78,0.785,0.544456,8300,0.0,0.0
2023-12-08,0.86,0.86,0.782,0.782,0.542375,2600,0.0,0.0
2023-12-11,0.77,0.9,0.77,0.9,0.624217,23600,0.0,0.0
2023-12-12,0.83,0.83,0.83,0.83,0.575667,1500,0.0,0.0
2023-12-13,0.83,0.83,0.83,0.83,0.575667,1800,0.0,0.0
2023-12-14,0.83,0.872,0.77,0.833,0.577747,12700,0.0,0.0
2023-12-15,0.774,0.9,0.774,0.9,0.624217,5500,0.0,0.0
2023-12-18,0.842,0.9,0.842,0.9,0.624217,6800,0.0,0.0
2023-12-19,0.9,0.9,0.801,0.9,0.624217,37000,0.0,0.0
2023-12-20,0.79,0.9,0.79,0.821,0.569425,10000,0.0,0.0
2023-12-21,0.821,0.9,0.821,0.826,0.572892,3900,0.0,0.0
2023-12-22,0.819,0.819,0.77,0.77,0.534052,10200,0.0,0.0
2023-12-26,0.77,0.8,0.7,0.761,0.52781,15400,0.0,0.0
2023-12-27,0.745,0.79,0.71,0.751,0.520874,5400,0.0,0.0
2023-12-28,0.76,0.785,0.716,0.75,0.520181,25300,0.0,0.0
2023-12-29,0.75,0.75,0.7,0.75,0.520181,58700,0.0,0.0
2024-01-02,0.75,0.864,0.716,0.732,0.507696,38500,0.0,0.0
2024-01-03,0.706,0.706,0.706,0.706,0.489663,700,0.0,0.0
2024-01-04,0.79,0.855,0.79,0.85,0.589538,20000,0.0,0.0
2024-01-05,0.828,0.828,0.828,0.828,0.57428,800,0.0,0.0
2024-01-08,0.828,0.85,0.828,0.85,0.589538,1000,0.0,0.0
2024-01-09,0.855,0.855,0.855,0.855,0.593006,900,0.0,0.0
2024-01-10,0.838,0.845,0.71,0.8,0.554859,37100,0.0,0.0
2024-01-11,0.8,0.8,0.8,0.8,0.554859,400,0.0,0.0
2024-01-12,0.8,0.8,0.77,0.77,0.534052,1200,0.0,0.0
2024-01-16,0.75,0.825,0.713,0.799,0.554166,2600,0.0,0.0
2024-01-17,0.775,0.775,0.775,0.775,0.53752,300,0.0,0.0
2024-01-18,0.72,0.731,0.72,0.731,0.507003,500,0.0,0.0
2024-01-19,0.736,0.8,0.72,0.8,0.554859,1700,0.0,0.0
2024-01-22,0.722,0.759,0.722,0.759,0.526423,1600,0.0,0.0
2024-01-23,0.759,0.759,0.759,0.759,0.526423,300,0.0,0.0
2024-01-24,0.72,0.758,0.72,0.758,0.525729,1700,0.0,0.0
2024-01-25,0.72,0.75,0.72,0.72,0.499374,3400,0.0,0.0
2024-01-26,0.756,0.756,0.71,0.71,0.492438,6200,0.0,0.0
2024-01-29,0.755,0.755,0.71,0.71,0.492438,1100,0.0,0.0
2024-01-30,0.73,0.73,0.63,0.637,0.441807,13800,0.0,0.0
2024-01-31,0.637,0.637,0.637,0.637,0.441807,0,0.0,0.0
2024-02-01,0.68,0.68,0.65,0.65,0.450823,8400,0.0,0.0
2024-02-02,0.65,0.65,0.631,0.631,0.437645,1400,0.0,0.0
2024-02-05,0.631,0.64,0.631,0.64,0.443888,1300,0.0,0.0
2024-02-06,0.67,0.7,0.631,0.7,0.485502,1400,0.0,0.0
2024-02-07,0.611,0.67,0.611,0.65,0.450823,600,0.0,0.0
2024-02-08,0.694,0.72,0.66,0.682,0.473018,15900,0.0,0.0
2024-02-09,0.655,0.73,0.601,0.73,0.506309,341300,0.0,0.0
2024-02-12,0.779,0.84,0.651,0.799,0.554166,100400,0.0,0.0
2024-02-13,0.753,0.8,0.671,0.8,0.554859,24400,0.0,0.0
2024-02-14,0.721,0.88,0.72,0.88,0.610345,27700,0.0,0.0
2024-02-15,0.818,0.9,0.817,0.879,0.609652,31100,0.0,0.0
2024-02-16,0.85,0.902,0.805,0.9,0.624217,40400,0.0,0.0
2024-02-20,0.9,0.9,0.801,0.826,0.572892,10300,0.0,0.0
2024-02-21,0.759,0.9,0.759,0.836,0.579828,5400,0.0,0.0
2024-02-22,0.796,0.836,0.795,0.796,0.552085,10900,0.0,0.0
2024-02-23,0.799,0.799,0.632,0.632,0.438339,1900,0.0,0.0
2024-02-26,0.706,0.8,0.668,0.767,0.531972,105200,0.0,0.0
2024-02-27,0.684,0.79,0.684,0.79,0.547924,10400,0.0,0.0
2024-02-28,0.745,0.75,0.745,0.75,0.520181,3800,0.0,0.0
2024-02-29,0.755,0.8,0.751,0.788,0.546537,5800,0.0,0.0
2024-03-01,0.8,0.8,0.75,0.8,0.554859,2000,0.0,0.0
2024-03-04,0.8,0.82,0.79,0.81,0.561795,9900,0.0,0.0
2024-03-05,0.77,0.9,0.77,0.835,0.579135,5800,0.0,0.0
2024-03-06,0.75,0.8,0.75,0.8,0.554859,5100,0.0,0.0
2024-03-07,0.8,0.83,0.798,0.83,0.575667,5500,0.0,0.0
2024-03-08,0.815,0.815,0.739,0.739,0.512551,27800,0.0,0.0
2024-03-11,0.7,0.78,0.7,0.75,0.520181,10900,0.0,0.0
2024-03-12,0.751,0.765,0.644,0.7,0.485502,16100,0.0,0.0
2024-03-13,0.7,0.76,0.7,0.73,0.506309,8000,0.0,0.0
2024-03-14,0.73,0.73,0.72,0.72,0.499374,2300,0.0,0.0
2024-03-15,0.76,0.76,0.74,0.76,0.527116,1300,0.0,0.0
2024-03-18,0.779,0.82,0.749,0.749,0.519487,4700,0.0,0.0
2024-03-19,0.82,0.82,0.82,0.82,0.568731,200,0.0,0.0
2024-03-20,0.83,0.83,0.83,0.83,0.575667,100,0.0,0.0
2024-03-21,0.776,0.82,0.725,0.725,0.502841,2000,0.0,0.0
2024-03-22,0.72,0.775,0.72,0.72,0.499374,2000,0.0,0.0
2024-03-25,0.72,0.76,0.702,0.73,0.506309,16000,0.0,0.0
2024-03-26,0.85,0.85,0.74,0.74,0.513245,1700,0.0,0.0
2024-03-27,0.74,0.74,0.74,0.74,0.513245,0,0.0,0.0
2024-03-28,0.73,0.8,0.7,0.72,0.499374,16900,0.0,0.0
2024-04-01,0.72,0.8,0.72,0.8,0.554859,2700,0.0,0.0
2024-04-02,0.73,0.799,0.73,0.73,0.506309,2000,0.0,0.0
2024-04-03,0.79,0.815,0.7,0.73,0.506309,13100,0.0,0.0
2024-04-04,0.82,0.82,0.705,0.708,0.491051,25500,0.0,0.0
2024-04-05,0.779,0.779,0.69,0.69,0.478566,8400,0.0,0.0
2024-04-08,0.705,0.805,0.697,0.697,0.483421,17800,0.0,0.0
2024-04-09,0.72,0.789,0.72,0.777,0.538907,11400,0.0,0.0
2024-04-10,0.774,0.797,0.69,0.749,0.519487,15000,0.0,0.0
2024-04-11,0.711,0.785,0.71,0.711,0.493131,6300,0.0,0.0
2024-04-12,0.764,0.785,0.716,0.716,0.496599,2400,0.0,0.0
2024-04-15,0.78,0.78,0.708,0.708,0.491051,1100,0.0,0.0
2024-04-16,0.718,0.78,0.68,0.725,0.502841,18300,0.0,0.0
2024-04-17,0.73,0.73,0.73,0.73,0.506309,1000,0.0,0.0
2024-04-18,0.76,0.76,0.76,0.76,0.527116,1100,0.0,0.0
2024-04-19,0.729,0.75,0.707,0.707,0.490357,5500,0.0,0.0
2024-04-22,0.707,0.707,0.707,0.707,0.490357,0,0.0,0.0
2024-04-23,0.71,0.76,0.71,0.76,0.527116,500,0.0,0.0
2024-04-24,0.75,0.78,0.744,0.78,0.540988,6300,0.0,0.0
2024-04-25,0.78,0.78,0.78,0.78,0.540988,700,0.0,0.0
2024-04-26,0.707,0.72,0.68,0.72,0.499374,15800,0.0,0.0
2024-04-29,0.7,0.797,0.7,0.79,0.547924,12300,0.0,0.0
2024-04-30,0.784,0.785,0.784,0.785,0.544456,400,0.0,0.0
2024-05-01,0.797,0.842,0.7,0.73,0.506309,13300,0.0,0.0
2024-05-02,0.73,0.73,0.73,0.73,0.506309,0,0.0,0.0
2024-05-03,0.73,0.73,0.73,0.73,0.506309,300,0.0,0.0
2024-05-06,0.842,0.842,0.72,0.79,0.547924,7700,0.0,0.0
2024-05-07,0.73,0.73,0.72,0.72,0.499374,2400,0.0,0.0
2024-05-08,0.74,0.74,0.695,0.708,0.491051,15700,0.0,0.0
2024-05-09,0.69,0.724,0.69,0.724,0.502148,600,0.0,0.0
2024-05-10,0.736,0.736,0.736,0.736,0.510471,400,0.0,0.0
2024-05-13,0.736,0.736,0.736,0.736,0.510471,1100,0.0,0.0
2024-05-14,0.735,0.75,0.69,0.75,0.520181,1100,0.0,0.0
2024-05-15,0.749,0.749,0.748,0.748,0.518794,4800,0.0,0.0
2024-05-16,0.761,0.78,0.74,0.74,0.513245,6300,0.0,0.0
2024-05-17,0.71,0.78,0.67,0.714,0.495212,45200,0.0,0.0
2024-05-20,0.68,0.776,0.68,0.75,0.520181,12600,0.0,0.0
2024-05-21,0.75,0.78,0.68,0.72,0.499374,6800,0.0,0.0
2024-05-22,0.75,0.75,0.75,0.75,0.520181,500,0.0,0.0
2024-05-23,0.78,0.78,0.693,0.7,0.485502,5500,0.0,0.0
2024-05-24,0.735,0.735,0.7,0.7,0.485502,1800,0.0,0.0
2024-05-28,0.703,0.77,0.703,0.77,0.534052,1700,0.0,0.0
2024-05-29,0.703,0.763,0.703,0.71,0.492438,9900,0.0,0.0
2024-05-30,0.765,1.8,0.765,1.3,0.901647,42906600,0.0,0.0
2024-05-31,1.18,1.27,1.06,1.13,0.783739,1398300,0.0,0.0
2024-06-03,1.13,1.5,0.894,1.21,0.839225,1132200,0.0,0.0
2024-06-04,1.12,1.162,1.04,1.14,0.790675,122000,0.0,0.0
2024-06-05,1.05,1.15,1.026,1.15,0.79761,65400,0.0,0.0
2024-06-06,1.15,1.17,1.11,1.16,0.804546,48000,0.0,0.0
2024-06-07,1.12,1.213,1.11,1.21,0.839225,54100,0.0,0.0
2024-06-10,1.16,1.16,1.04,1.05,0.728253,43500,0.0,0.0
2024-06-11,1.05,1.05,0.905,0.92,0.638088,66800,0.0,0.0
2024-06-12,0.863,0.94,0.863,0.92,0.638088,5500,0.0,0.0
2024-06-13,0.92,0.96,0.875,0.891,0.617975,4100,0.0,0.0
2024-06-14,0.93,0.937,0.879,0.92,0.638088,7200,0.0,0.0
2024-06-17,0.92,0.92,0.88,0.891,0.617975,2300,0.0,0.0
2024-06-18,0.914,0.914,0.867,0.867,0.601329,15100,0.0,0.0
2024-06-20,0.927,0.982,0.872,0.909,0.630459,32200,0.0,0.0
2024-06-21,0.907,0.935,0.9,0.92,0.638088,3700,0.0,0.0
2024-06-24,0.92,0.98,0.9,0.901,0.62491,5200,0.0,0.0
2024-06-25,0.913,0.975,0.891,0.891,0.617975,12900,0.0,0.0
2024-06-26,0.921,0.95,0.875,0.875,0.606878,9300,0.0,0.0
2024-06-27,0.911,0.955,0.867,0.91,0.631153,3100,0.0,0.0
2024-06-28,0.904,0.91,0.88,0.882,0.611733,2900,0.0,0.0
2024-07-01,0.88,0.88,0.856,0.856,0.5937,900,0.0,0.0
2024-07-02,0.85,0.875,0.85,0.85,0.589538,6600,0.0,0.0
2024-07-03,0.9,0.918,0.85,0.862,0.597861,13600,0.0,0.0
2024-07-05,0.99,0.99,0.86,0.93,0.645024,17500,0.0,0.0
2024-07-08,0.93,0.93,0.881,0.881,0.611039,2000,0.0,0.0
2024-07-09,0.925,0.925,0.86,0.86,0.596474,2600,0.0,0.0
2024-07-10,0.88,0.88,0.761,0.783,0.543069,6300,0.0,0.0
2024-07-11,0.783,0.869,0.783,0.785,0.544456,6400,0.0,0.0
2024-07-12,0.785,0.81,0.722,0.775,0.53752,3200,0.0,0.0
2024-07-15,0.78,0.78,0.7,0.7,0.485502,23000,0.0,0.0
2024-07-16,0.77,0.796,0.71,0.73,0.506309,9100,0.0,0.0
2024-07-17,0.73,0.74,0.71,0.74,0.513245,25200,0.0,0.0
2024-07-18,0.761,1.08,0.753,1.02,0.707446,2795500,0.0,0.0
2024-07-19,1.01,1.28,0.817,1.23,0.853096,408000,0.0,0.0
2024-07-22,1.15,1.161,1.05,1.05,0.728253,50500,0.0,0.0
2024-07-23,1.1,1.12,0.85,1.04,0.721317,1123900,0.0,0.0
2024-07-24,0.97,1.27,0.92,1.15,0.79761,124900,0.0,0.0
2024-07-25,1.12,1.2,1.1,1.18,0.818418,40100,0.0,0.0
2024-07-26,1.22,1.26,1.09,1.26,0.873904,44500,0.0,0.0
2024-07-29,1.3,1.31,1.15,1.15,0.79761,13100,0.0,0.0
2024-07-30,1.3,1.34,1.15,1.22,0.846161,28800,0.0,0.0
2024-07-31,1.26,1.26,1.21,1.252,0.868355,7300,0.0,0.0
2024-08-01,1.25,1.3,1.15,1.27,0.880839,9700,0.0,0.0
2024-08-02,1.17,1.25,1.15,1.24,0.860032,4300,0.0,0.0
2024-08-05,1.17,1.218,1.161,1.218,0.844774,3900,0.0,0.0
2024-08-06,1.18,1.26,1.15,1.24,0.860032,14900,0.0,0.0
2024-08-07,1.15,1.23,1.15,1.22,0.846161,2900,0.0,0.0
2024-08-08,1.15,1.281,1.15,1.19,0.825353,18900,0.0,0.0
2024-08-09,1.21,1.21,1.16,1.19,0.825353,3700,0.0,0.0
2024-08-12,1.16,1.22,1.16,1.2,0.832289,1400,0.0,0.0
2024-08-13,1.2,1.24,1.2,1.22,0.846161,1100,0.0,0.0
2024-08-14,1.22,1.23,1.18,1.23,0.853096,2100,0.0,0.0
2024-08-15,1.27,1.29,1.2,1.22,0.846161,8300,0.0,0.0
2024-08-16,1.24,1.24,1.17,1.17,0.811482,2800,0.0,0.0
2024-08-19,1.24,1.24,0.973,0.985,0.683171,14600,0.0,0.0
2024-08-20,1.062,1.2,1.062,1.2,0.832289,2600,0.0,0.0
2024-08-21,1.17,1.17,1.04,1.065,0.738657,8700,0.0,0.0
2024-08-22,1.02,1.176,1.02,1.03,0.714382,2500,0.0,0.0
2024-08-23,1.07,1.12,1.06,1.06,0.735189,4800,0.0,0.0
2024-08-26,1.1,1.14,1.1,1.125,0.780271,4800,0.0,0.0
2024-08-27,1.15,1.15,1.1,1.105,0.7664,1600,0.0,0.0
2024-08-28,1.1,1.14,1.1,1.11,0.769868,1500,0.0,0.0
2024-08-29,1.14,1.15,1.1,1.11,0.769868,24600,0.0,0.0
2024-08-30,1.15,1.16,1.15,1.15,0.79761,600,0.0,0.0
2024-09-03,1.15,1.15,1.11,1.14,0.790675,2900,0.0,0.0
2024-09-04,1.15,1.15,1.15,1.15,0.79761,200,0.0,0.0
2024-09-05,1.14,1.14,1.14,1.14,0.790675,500,0.0,0.0
2024-09-06,1.11,1.19,1.1,1.19,0.825353,7200,0.0,0.0
2024-09-09,1.23,1.23,1.16,1.16,0.804546,1800,0.0,0.0
2024-09-10,1.16,1.23,1.13,1.22,0.846161,6500,0.0,0.0
2024-09-11,1.12,1.23,1.12,1.23,0.853096,5900,0.0,0.0
2024-09-12,1.23,1.26,1.13,1.223,0.848241,11400,0.0,0.0
2024-09-13,1.25,1.25,1.2,1.22,0.846161,4700,0.0,0.0
2024-09-16,1.1,1.1,1.011,1.1,0.762932,4700,0.0,0.0
2024-09-17,1.22,1.27,1.12,1.26,0.873904,5800,0.0,0.0
2024-09-18,1.25,1.36,1.24,1.34,0.92939,27900,0.0,0.0
2024-09-19,1.36,1.36,1.28,1.34,0.92939,10600,0.0,0.0
2024-09-20,1.35,1.37,1.2,1.2,0.832289,28400,0.0,0.0
2024-09-23,1.25,1.317,1.25,1.277,0.885694,4700,0.0,0.0
2024-09-24,1.27,1.29,1.18,1.27,0.880839,23200,0.0,0.0
2024-09-25,1.2,1.29,1.2,1.29,0.894711,12700,0.0,0.0
2024-09-26,1.3,1.3,1.28,1.28,0.887775,2700,0.0,0.0
2024-09-27,1.3,1.3,1.245,1.29,0.894711,2200,0.0,0.0
2024-09-30,1.249,1.3,1.249,1.3,0.901647,6500,0.0,0.0
2024-10-01,1.3,1.3,1.25,1.29,0.894711,3800,0.0,0.0
2024-10-02,1.29,1.37,1.245,1.36,0.943261,8800,0.0,0.0
2024-10-03,1.303,1.35,1.303,1.35,0.936325,6600,0.0,0.0
2024-10-04,1.35,1.39,1.3,1.34,0.92939,12400,0.0,0.0
2024-10-07,1.37,1.38,1.279,1.36,0.943261,10700,0.0,0.0
2024-10-08,1.26,1.37,1.26,1.37,0.950197,800,0.0,0.0
2024-10-09,1.26,1.39,1.26,1.325,0.918986,1700,0.0,0.0
2024-10-10,1.35,1.35,1.35,1.35,0.936325,24500,0.0,0.0
2024-10-11,1.37,1.42,1.3,1.42,0.984875,10700,0.0,0.0
2024-10-14,1.39,1.41,1.32,1.4,0.971004,8000,0.0,0.0
2024-10-15,1.36,1.4,1.36,1.362,0.944648,6000,0.0,0.0
2024-10-16,1.355,1.355,1.296,1.33,0.922454,3900,0.0,0.0
2024-10-17,1.39,1.45,1.357,1.44,0.998747,12100,0.0,0.0
2024-10-18,1.44,1.44,1.4,1.4,0.971004,4400,0.0,0.0
2024-10-21,1.38,2.39,1.38,2.23,1.546671,1625200,0.0,0.0
2024-10-22,2.13,2.16,1.3,1.51,1.047297,587600,0.0,0.0
2024-10-23,1.47,1.485,1.31,1.31,0.908582,86800,0.0,0.0
2024-10-24,1.34,1.41,1.31,1.37,0.950197,24100,0.0,0.0
2024-10-25,1.39,1.46,1.3,1.34,0.92939,53700,0.0,0.0
2024-10-28,1.38,1.38,1.3,1.34,0.92939,15200,0.0,0.0
2024-10-29,1.33,1.37,1.22,1.272,0.882226,29700,0.0,0.0
2024-10-30,1.25,1.3,1.22,1.26,0.873904,6400,0.0,0.0
2024-10-31,1.23,1.24,0.98,1.12,0.776803,71600,0.0,0.0
2024-11-01,1.09,1.378,0.912,1.08,0.74906,155800,0.0,0.0
2024-11-04,1.09,1.56,1.09,1.4,0.971004,167900,0.0,0.0
2024-11-05,1.4,1.491,1.28,1.38,0.957133,18100,0.0,0.0
2024-11-06,1.21,1.355,1.21,1.31,0.908582,15300,0.0,0.0
2024-11-07,1.25,1.31,1.25,1.29,0.894711,18600,0.0,0.0
2024-11-08,1.27,1.28,1.18,1.25,0.866968,17600,0.0,0.0
2024-11-11,1.2,1.41,1.11,1.15,0.79761,162900,0.0,0.0
2024-11-12,1.114,1.16,1.06,1.11,0.769868,20000,0.0,0.0
2024-11-13,1.15,1.202,1.09,1.16,0.804546,18600,0.0,0.0
2024-11-14,1.14,1.19,1.11,1.11,0.769868,3100,0.0,0.0
2024-11-15,1.12,1.16,1.11,1.16,0.804546,2500,0.0,0.0
2024-11-18,1.17,1.25,1.13,1.25,0.866968,5900,0.0,0.0
2024-11-19,1.18,1.21,1.15,1.17,0.811482,6200,0.0,0.0
2024-11-20,1.16,1.25,1.06,1.165,0.808014,74600,0.0,0.0
2024-11-21,1.15,1.15,1.13,1.13,0.783739,8800,0.0,0.0
2024-11-22,1.111,1.14,1.023,1.138,0.789288,3400,0.0,0.0
2024-11-25,1.12,1.13,1.11,1.12,0.776803,3100,0.0,0.0
2024-11-26,1.142,1.142,1.06,1.06,0.735189,13300,0.0,0.0
2024-11-27,1.03,1.09,1.03,1.09,0.755996,4400,0.0,0.0
2024-11-29,1.13,1.23,1.08,1.19,0.825353,1022800,0.0,0.0
2024-12-02,1.88,2.07,1.33,1.79,1.241498,17483100,0.0,0.0
2024-12-03,1.54,1.87,1.47,1.65,1.144398,857100,0.0,0.0
2024-12-04,1.63,2.06,1.63,1.71,1.186012,736400,0.0,0.0
2024-12-05,1.65,1.79,1.52,1.61,1.116655,220400,0.0,0.0
2024-12-06,1.56,1.65,1.56,1.584,1.098622,48400,0.0,0.0
2024-12-09,1.73,1.744,1.612,1.66,1.151333,124600,0.0,0.0
2024-12-10,1.56,1.61,1.51,1.6,1.173333,40500,0.09,0.0
2024-12-11,1.55,1.55,1.39,1.42,1.041333,86000,0.0,0.0
2024-12-12,1.4,1.555,1.4,1.536,1.1264,31300,0.0,0.0
2024-12-13,1.48,1.497,1.4,1.47,1.078,29900,0.0,0.0
2024-12-16,1.37,1.53,1.37,1.53,1.122,20900,0.0,0.0
2024-12-17,1.521,1.64,1.39,1.51,1.107333,211800,0.0,0.0
2024-12-18,1.49,1.55,1.442,1.46,1.070667,36600,0.0,0.0
2024-12-19,1.46,1.49,1.42,1.44,1.056,7100,0.0,0.0
2024-12-20,1.48,1.49,1.439,1.48,1.085333,32000,0.0,0.0
2024-12-23,1.49,1.49,1.382,1.41,1.034,13400,0.0,0.0
2024-12-24,1.411,1.45,1.411,1.45,1.063333,2100,0.0,0.0
2024-12-26,1.42,1.55,1.412,1.52,1.114667,53600,0.0,0.0
2024-12-27,1.62,1.62,1.35,1.37,1.004667,138900,0.0,0.0
2024-12-30,1.39,1.458,1.35,1.4,1.026667,30800,0.0,0.0
2024-12-31,1.33,1.44,1.3,1.365,1.001,29900,0.0,0.0
2025-01-02,1.35,1.4,1.31,1.33,0.975333,17600,0.0,0.0
2025-01-03,1.42,1.42,1.27,1.35,0.99,32300,0.0,0.0
2025-01-06,1.35,1.375,1.33,1.37,1.004667,36500,0.0,0.0
2025-01-07,1.38,1.57,1.373,1.49,1.092667,182100,0.0,0.0
2025-01-08,1.47,1.516,1.32,1.43,1.048667,32600,0.0,0.0
2025-01-10,1.43,1.43,1.35,1.37,1.004667,11000,0.0,0.0
2025-01-13,1.32,1.38,1.32,1.38,1.012,11600,0.0,0.0
2025-01-14,1.391,1.42,1.375,1.4,1.026667,4800,0.0,0.0
2025-01-15,1.39,1.418,1.37,1.41,1.034,5800,0.0,0.0
2025-01-16,1.44,1.48,1.43,1.44,1.056,8200,0.0,0.0
2025-01-17,1.45,1.47,1.43,1.465,1.074333,14100,0.0,0.0
2025-01-21,1.48,1.58,1.48,1.49,1.092667,29900,0.0,0.0
2025-01-22,1.52,1.52,1.45,1.46,1.070667,24700,0.0,0.0
2025-01-23,1.44,1.46,1.43,1.441,1.056733,14000,0.0,0.0
2025-01-24,1.46,1.46,1.45,1.455,1.067,2600,0.0,0.0
2025-01-27,1.45,1.52,1.43,1.5,1.1,18400,0.0,0.0
2025-01-28,1.46,1.583,1.46,1.53,1.122,30900,0.0,0.0
2025-01-29,1.57,1.57,1.5,1.529,1.121267,16000,0.0,0.0
2025-01-30,1.56,1.6,1.5,1.57,1.151333,15800,0.0,0.0
2025-01-31,1.554,1.7,1.55,1.65,1.21,38000,0.0,0.0
2025-02-03,1.64,1.7,1.6,1.69,1.239333,29000,0.0,0.0
2025-02-04,1.608,1.68,1.607,1.68,1.232,15100,0.0,0.0
2025-02-05,1.71,1.71,1.63,1.675,1.228333,9300,0.0,0.0
2025-02-06,1.7,1.7,1.64,1.67,1.224667,2600,0.0,0.0
2025-02-07,1.67,1.68,1.61,1.61,1.180667,21100,0.0,0.0
2025-02-10,1.6,1.63,1.56,1.59,1.166,9500,0.0,0.0
2025-02-11,1.56,1.593,1.55,1.55,1.136667,16200,0.0,0.0
2025-02-12,1.565,1.565,1.43,1.45,1.063333,22100,0.0,0.0
2025-02-13,1.48,1.48,1.44,1.48,1.085333,5000,0.0,0.0
2025-02-14,1.42,1.49,1.42,1.49,1.092667,4000,0.0,0.0
2025-02-18,1.49,1.49,1.44,1.46,1.070667,10400,0.0,0.0
2025-02-19,1.48,1.52,1.45,1.48,1.085333,20600,0.0,0.0
2025-02-20,1.5,1.56,1.45,1.45,1.063333,2500,0.0,0.0
2025-02-21,1.45,1.56,1.45,1.55,1.136667,8100,0.0,0.0
2025-02-24,1.56,1.56,1.28,1.28,0.938667,26300,0.0,0.0
2025-02-25,1.333,1.36,1.32,1.33,0.975333,9500,0.0,0.0
2025-02-26,1.34,1.34,1.32,1.33,0.975333,7600,0.0,0.0
2025-02-27,1.33,1.39,1.32,1.335,0.979,7700,0.0,0.0
2025-02-28,1.343,1.37,1.343,1.36,0.997333,2700,0.0,0.0
2025-03-03,1.45,1.45,1.37,1.37,1.004667,3700,0.0,0.0
2025-03-04,1.39,1.39,1.25,1.25,0.916667,7100,0.0,0.0
2025-03-05,1.26,1.26,1.23,1.23,0.902,1900,0.0,0.0
2025-03-06,1.315,1.38,1.315,1.38,1.012,1000,0.0,0.0
2025-03-07,1.31,1.31,1.18,1.2,0.88,13400,0.0,0.0
2025-03-10,1.21,1.299,1.07,1.07,0.784667,12200,0.0,0.0
2025-03-11,0.927,1.07,0.927,1.0,0.733333,14400,0.0,0.0
2025-03-12,1.179,1.179,1.11,1.13,0.828667,4200,0.0,0.0
2025-03-13,1.131,1.131,1.06,1.06,0.777333,700,0.0,0.0
2025-03-14,1.08,1.146,1.08,1.136,0.833067,4100,0.0,0.0
2025-03-17,1.14,1.17,1.07,1.08,0.792,2800,0.0,0.0
2025-03-18,1.125,1.125,1.09,1.09,0.799333,1300,0.0,0.0
2025-03-19,1.09,1.09,1.09,1.09,0.799333,0,0.0,0.0
2025-03-20,1.09,1.09,1.09,1.09,0.799333,0,0.0,0.0
2025-03-21,1.118,1.118,1.118,1.118,0.819867,700,0.0,0.0
2025-03-24,1.135,1.135,1.1,1.11,0.814,2000,0.0,0.0
2025-03-25,1.063,1.12,1.063,1.12,0.821333,1300,0.0,0.0
2025-03-26,1.12,1.12,1.069,1.09,0.799333,500,0.0,0.0
2025-03-27,1.065,1.065,1.065,1.065,0.781,400,0.0,0.0
2025-03-28,1.06,1.08,1.06,1.07,0.784667,3200,0.0,0.0
2025-03-31,1.07,1.07,1.07,1.07,0.784667,0,0.0,0.0
2025-04-01,1.07,1.07,1.07,1.07,0.784667,0,0.0,0.0
2025-04-02,1.07,1.07,1.07,1.07,0.784667,0,0.0,0.0
2025-04-03,1.06,1.06,1.06,1.06,0.777333,1100,0.0,0.0
2025-04-04,1.13,1.13,0.955,1.0,0.733333,1900,0.0,0.0
2025-04-07,1.7,1.7,1.0,1.0,0.733333,302400,0.0,0.0
2025-04-08,1.047,1.16,1.0,1.0,0.733333,32200,0.0,0.0
2025-04-09,0.864,1.189,0.864,0.981,0.7194,69200,0.0,0.0
2025-04-10,0.981,1.016,0.926,0.926,0.679067,16600,0.0,0.0
2025-04-11,0.913,0.913,0.876,0.913,0.669533,6700,0.0,0.0
2025-04-14,0.97,1.015,0.901,0.901,0.660733,2200,0.0,0.0
2025-04-15,0.98,0.98,0.9,0.93,0.682,6900,0.0,0.0
2025-04-16,0.965,0.965,0.934,0.94,0.689333,2600,0.0,0.0
2025-04-17,0.99,0.99,0.91,0.961,0.704733,14400,0.0,0.0
2025-04-21,0.999,1.075,0.9,0.918,0.6732,15100,0.0,0.0
2025-04-22,1.1,1.1,0.922,0.981,0.7194,13400,0.0,0.0
2025-04-23,0.95,0.99,0.891,0.9,0.66,13700,0.0,0.0
2025-04-24,0.9,0.9,0.9,0.9,0.66,2700,0.0,0.0
2025-04-25,0.91,1.08,0.9,0.9,0.66,24400,0.0,0.0
2025-04-28,0.95,0.98,0.94,0.94,0.689333,7600,0.0,0.0
2025-04-29,0.9,1.06,0.9,0.94,0.689333,19700,0.0,0.0
2025-04-30,1.07,1.07,0.936,0.936,0.6864,26700,0.0,0.0
2025-05-01,0.939,0.939,0.931,0.931,0.682733,600,0.0,0.0
2025-05-02,0.94,1.037,0.923,0.94,0.689333,2200,0.0,0.0
2025-05-05,0.99,1.75,0.97,1.27,0.931333,11949600,0.0,0.0
2025-05-06,1.18,1.35,1.1,1.25,0.916667,301700,0.0,0.0
2025-05-07,1.05,1.13,1.02,1.07,0.784667,154800,0.0,0.0
2025-05-08,0.995,1.16,0.99,1.15,0.843333,43200,0.0,0.0
2025-05-09,1.07,1.51,1.05,1.35,0.99,1448600,0.0,0.0
2025-05-12,1.3,1.54,1.11,1.48,1.085333,265100,0.0,0.0
2025-05-13,1.42,1.546,1.25,1.37,1.004667,186000,0.0,0.0
2025-05-14,1.43,1.44,1.21,1.24,0.909333,40200,0.0,0.0
2025-05-15,1.23,1.24,1.171,1.2,0.88,32900,0.0,0.0
2025-05-16,1.18,1.213,1.12,1.15,0.843333,19100,0.0,0.0
2025-05-19,1.11,1.187,1.11,1.16,0.850667,13800,0.0,0.0
2025-05-20,1.13,1.18,1.13,1.14,0.836,11700,0.0,0.0
2025-05-21,1.16,1.18,1.12,1.18,0.865333,27000,0.0,0.0
2025-05-22,1.15,1.22,1.13,1.175,0.861667,8000,0.0,0.0
2025-05-23,1.11,1.28,1.11,1.24,0.909333,32300,0.0,0.0
2025-05-27,1.18,1.242,1.15,1.15,0.843333,29200,0.0,0.0
2025-05-28,1.16,1.24,1.16,1.186,0.869733,8300,0.0,0.0
2025-05-29,1.196,1.255,1.16,1.17,0.858,11500,0.0,0.0
2025-05-30,1.16,1.19,1.16,1.181,0.866067,5800,0.0,0.0
2025-06-02,1.17,1.19,1.12,1.16,0.850667,24300,0.0,0.0
2025-06-03,1.19,1.2,1.12,1.17,0.858,19800,0.0,0.0
2025-06-04,1.159,1.256,1.14,1.15,0.843333,11100,0.0,0.0
2025-06-05,1.15,1.151,1.15,1.15,0.843333,2200,0.0,0.0
2025-06-06,1.185,1.185,1.12,1.13,0.828667,12900,0.0,0.0
2025-06-09,1.13,1.2,1.12,1.19,0.872667,19700,0.0,0.0
2025-06-10,1.14,1.18,1.13,1.13,0.828667,6900,0.0,0.0
2025-06-11,1.14,1.16,1.1,1.12,0.821333,9600,0.0,0.0
2025-06-12,1.12,1.15,1.11,1.115,0.817667,5800,0.0,0.0
2025-06-13,1.101,1.14,1.101,1.14,0.836,2900,0.0,0.0
2025-06-16,1.145,1.15,1.1,1.13,0.828667,10800,0.0,0.0
2025-06-17,1.14,1.25,1.12,1.145,0.839667,10400,0.0,0.0
2025-06-18,1.13,1.157,1.12,1.15,0.843333,5700,0.0,0.0
2025-06-20,1.12,1.12,1.1,1.1,0.806667,5200,0.0,0.0
2025-06-23,1.08,1.14,1.08,1.116,0.8184,4800,0.0,0.0
2025-06-24,1.12,1.12,1.1,1.115,0.817667,7900,0.0,0.0
2025-06-25,1.11,1.14,1.11,1.14,0.836,1600,0.0,0.0
2025-06-26,1.12,1.144,1.12,1.144,0.838933,3300,0.0,0.0
2025-06-27,1.11,1.17,1.11,1.16,0.850667,11000,0.0,0.0
2025-06-30,1.15,1.15,1.1,1.1,0.806667,1900,0.0,0.0
2025-07-01,1.11,1.11,1.11,1.11,0.814,1300,0.0,0.0
2025-07-02,1.126,1.14,1.109,1.14,0.836,4500,0.0,0.0
2025-07-03,1.16,1.16,1.14,1.14,0.836,400,0.0,0.0
2025-07-07,1.12,1.159,1.1,1.11,0.814,12300,0.0,0.0
2025-07-08,1.11,1.14,1.1,1.125,0.825,12100,0.0,0.0
2025-07-09,1.1,1.111,1.1,1.1,0.806667,6300,0.0,0.0
2025-07-10,1.11,1.2,1.02,1.06,0.777333,45100,0.0,0.0
2025-07-11,1.07,1.07,1.03,1.03,0.755333,5800,0.0,0.0
2025-07-14,1.04,1.06,1.03,1.03,0.755333,1500,0.0,0.0
2025-07-15,1.07,1.07,1.03,1.045,0.766333,2700,0.0,0.0
2025-07-16,1.03,1.063,1.03,1.03,0.755333,2700,0.0,0.0
2025-07-17,1.04,1.07,1.032,1.06,0.777333,7900,0.0,0.0
2025-07-18,1.091,1.091,1.091,1.091,0.800067,1200,0.0,0.0
2025-07-21,1.075,1.075,1.036,1.036,0.759733,3300,0.0,0.0
2025-07-22,1.11,1.11,1.05,1.056,0.7744,3000,0.0,0.0
2025-07-23,1.07,1.07,1.04,1.066,0.781733,2700,0.0,0.0
2025-07-24,1.07,1.07,1.05,1.05,0.77,800,0.0,0.0
2025-07-25,1.05,1.1,1.05,1.095,0.803,4800,0.0,0.0
2025-07-28,1.09,1.09,1.06,1.07,0.784667,1300,0.0,0.0
2025-07-29,1.06,1.06,1.03,1.06,0.777333,14900,0.0,0.0
2025-07-30,1.035,1.035,1.02,1.02,0.748,6900,0.0,0.0
2025-07-31,1.01,1.02,1.0,1.01,0.740667,3700,0.0,0.0
2025-08-01,1.0,1.01,1.0,1.01,0.740667,5000,0.0,0.0
2025-08-04,1.0,1.01,1.0,1.006,0.737733,4200,0.0,0.0
2025-08-05,1.0,1.09,0.995,1.0,0.733333,97900,0.0,0.0
2025-08-06,1.02,1.024,0.94,0.94,0.689333,19800,0.0,0.0
2025-08-07,1.0,1.0,0.94,0.98,0.718667,2400,0.0,0.0
2025-08-08,0.958,0.98,0.94,0.94,0.689333,5600,0.0,0.0
2025-08-11,0.94,1.0,0.93,1.0,0.733333,3600,0.0,0.0
2025-08-12,0.955,0.98,0.93,0.98,0.718667,1000,0.0,0.0
2025-08-13,0.97,0.97,0.94,0.94,0.689333,16500,0.0,0.0
2025-08-14,0.93,0.955,0.91,0.91,0.667333,8600,0.0,0.0
2025-08-15,0.91,0.911,0.901,0.901,0.660733,4200,0.0,0.0
2025-08-18,0.902,0.92,0.9,0.9,0.66,1700,0.0,0.0
2025-08-19,0.91,0.93,0.91,0.92,0.674667,5000,0.0,0.0
2025-08-20,0.91,0.93,0.896,0.9,0.66,8900,0.0,0.0
2025-08-21,0.918,0.918,0.9,0.915,0.671,15700,0.0,0.0
2025-08-22,0.914,0.944,0.914,0.944,0.692267,800,0.0,0.0
2025-08-25,1.0,1.0,0.93,0.931,0.682733,6400,0.0,0.0
2025-08-26,0.97,0.977,0.935,0.95,0.696667,3400,0.0,0.0
2025-08-27,0.935,0.99,0.935,0.99,0.726,3300,0.0,0.0
2025-08-28,0.99,1.28,0.9,1.02,0.748,911200,0.0,0.0
2025-08-29,1.05,1.07,0.95,1.048,0.768533,135600,0.0,0.0
2025-09-02,1.03,1.03,0.97,1.03,0.755333,27000,0.0,0.0
2025-09-03,0.97,1.02,0.97,1.0,0.733333,24200,0.0,0.0
2025-09-04,0.99,1.05,0.97,1.05,0.77,16700,0.0,0.0
2025-09-05,1.06,1.07,1.021,1.055,0.773667,12300,0.0,0.0
2025-09-08,1.08,1.08,1.05,1.075,0.788333,10700,0.0,0.0
2025-09-09,1.14,1.14,1.02,1.119,0.8206,765400,0.0,0.0
2025-09-10,1.075,1.57,1.03,1.45,1.063333,1952000,0.0,0.0
2025-09-11,1.43,1.44,1.21,1.26,0.924,116400,0.0,0.0
2025-09-12,1.17,1.293,1.14,1.14,0.836,54700,0.0,0.0
2025-09-15,1.15,1.15,1.1,1.13,0.828667,53000,0.0,0.0
2025-09-16,1.12,1.152,1.1,1.13,0.828667,17800,0.0,0.0
2025-09-17,1.131,1.28,1.131,1.215,0.891,58400,0.0,0.0
2025-09-18,1.25,1.26,1.187,1.187,0.870467,11000,0.0,0.0
2025-09-19,1.13,1.29,1.13,1.17,0.858,7100,0.0,0.0
2025-09-22,1.17,1.2,1.17,1.19,0.872667,5900,0.0,0.0
2025-09-23,1.19,1.24,1.17,1.21,0.887333,20600,0.0,0.0
2025-09-24,1.21,1.248,1.169,1.213,0.889533,2700,0.0,0.0
2025-09-25,1.16,1.2,1.16,1.19,0.872667,10000,0.0,0.0
2025-09-26,1.15,1.17,1.15,1.17,0.858,2700,0.0,0.0
2025-09-29,1.22,1.22,1.167,1.17,0.858,2200,0.0,0.0
2025-09-30,1.17,1.2,1.15,1.2,0.88,6200,0.0,0.0
2025-10-01,1.15,1.22,1.15,1.22,0.894667,7100,0.0,0.0
2025-10-02,1.22,1.525,1.215,1.32,0.968,108900,0.0,0.0
2025-10-03,1.4,1.51,1.39,1.46,1.070667,93900,0.0,0.0
2025-10-06,1.48,1.58,1.438,1.525,1.118333,66900,0.0,0.0
2025-10-07,1.52,1.52,1.43,1.43,1.048667,19800,0.0,0.0
2025-10-08,1.42,1.46,1.417,1.445,1.059667,5500,0.0,0.0
2025-10-09,1.544,1.544,1.31,1.32,0.968,38600,0.0,0.0
2025-10-10,1.34,1.38,1.34,1.36,0.997333,10000,0.0,0.0
2025-10-13,1.37,1.37,1.332,1.35,0.99,15000,0.0,0.0
2025-10-14,1.325,1.35,1.3,1.31,0.960667,18700,0.0,0.0
2025-10-15,1.33,1.36,1.326,1.34,0.982667,15000,0.0,0.0
2025-10-16,1.32,1.35,1.32,1.34,0.982667,1600,0.0,0.0
2025-10-17,1.34,1.341,1.3,1.325,0.971667,10300,0.0,0.0
2025-10-20,1.31,1.36,1.31,1.36,0.997333,26500,0.0,0.0
2025-10-21,1.41,1.41,1.313,1.4,1.026667,6200,0.0,0.0
2025-10-22,1.4,1.4,1.4,1.4,1.026667,0,0.0,0.0
2025-10-23,1.345,1.345,1.325,1.325,0.971667,2400,0.0,0.0
2025-10-24,1.339,1.339,1.339,1.339,0.981933,1000,0.0,0.0
2025-10-27,1.32,1.345,1.23,1.26,0.924,18500,0.0,0.0
2025-10-28,1.28,1.33,1.22,1.22,0.894667,3100,0.0,0.0
2025-10-29,1.22,1.28,1.22,1.28,0.938667,8500,0.0,0.0
2025-10-30,1.272,1.36,1.26,1.33,0.975333,3300,0.0,0.0
2025-10-31,1.32,1.34,1.3,1.3,0.953333,4500,0.0,0.0
2025-11-03,1.22,1.251,1.22,1.24,0.909333,15600,0.0,0.0
2025-11-04,1.22,1.22,1.21,1.21,0.887333,800,0.0,0.0
2025-11-05,1.21,1.21,1.2,1.2,0.88,400,0.0,0.0
2025-11-06,1.2,1.2,1.19,1.19,0.872667,12700,0.0,0.0
2025-11-07,1.2,1.2,1.14,1.14,0.836,8600,0.0,0.0
2025-11-10,1.14,1.175,1.14,1.14,0.836,1400,0.0,0.0
2025-11-11,1.09,1.201,1.09,1.201,0.880733,600,0.0,0.0
2025-11-12,1.149,1.165,1.149,1.165,0.854333,1100,0.0,0.0
2025-11-13,1.16,1.21,1.16,1.21,0.887333,300,0.0,0.0
2025-11-14,1.31,1.31,1.24,1.24,0.909333,300,0.0,0.0
2025-11-17,1.24,1.24,1.24,1.24,0.909333,0,0.0,0.0
2025-11-18,1.24,1.24,1.24,1.24,0.909333,0,0.0,0.0
2025-11-19,1.2,1.23,1.2,1.23,0.902,1700,0.0,0.0
2025-11-20,1.2,1.2,1.2,1.2,0.88,1500,0.0,0.0
2025-11-21,1.201,1.205,1.12,1.12,0.821333,39900,0.0,0.0
2025-11-24,1.12,1.12,1.12,1.12,0.821333,500,0.0,0.0
2025-11-25,1.12,1.152,1.12,1.152,0.8448,200,0.0,0.0
2025-11-26,1.12,1.12,1.12,1.12,0.821333,500,0.0,0.0
2025-11-28,1.12,1.12,1.12,1.12,0.821333,0,0.0,0.0
2025-12-01,1.219,1.23,1.19,1.2,0.88,3100,0.0,0.0
2025-12-02,1.2,1.2,1.2,1.2,0.88,0,0.0,0.0
2025-12-03,1.21,1.21,1.18,1.18,0.865333,3100,0.0,0.0
2025-12-04,1.18,1.18,1.18,1.18,0.865333,400,0.0,0.0
2025-12-05,1.187,1.2,1.187,1.2,0.88,700,0.0,0.0
2025-12-08,1.175,1.18,1.12,1.13,0.828667,9100,0.0,0.0
2025-12-09,1.12,1.15,1.12,1.12,0.821333,1600,0.0,0.0
2025-12-10,1.161,1.161,1.15,1.159,0.849933,1800,0.0,0.0
2025-12-11,1.15,1.15,1.11,1.11,0.814,2100,0.0,0.0
2025-12-12,1.1,1.13,1.1,1.13,0.828667,3000,0.0,0.0
2025-12-15,1.19,1.19,1.19,1.19,0.872667,600,0.0,0.0
2025-12-16,1.1,1.25,1.1,1.185,0.869,29700,0.0,0.0
2025-12-17,1.11,1.11,1.09,1.09,0.799333,13300,0.0,0.0
2025-12-18,1.09,1.09,1.09,1.09,0.799333,0,0.0,0.0
2025-12-19,1.08,1.14,1.08,1.091,0.800067,9300,0.0,0.0
2025-12-22,1.1,1.11,1.1,1.11,0.814,1200,0.0,0.0
2025-12-23,1.11,1.11,1.09,1.1,0.806667,9000,0.0,0.0
2025-12-24,1.1,1.1,1.09,1.096,0.803733,4900,0.0,0.0
2025-12-26,1.09,1.099,1.09,1.09,0.799333,1500,0.0,0.0
2025-12-29,1.08,1.1,1.08,1.08,0.792,8000,0.0,0.0
2025-12-30,1.08,1.085,1.05,1.065,0.781,8100,0.0,0.0
2025-12-31,1.02,1.09,1.02,1.05,0.77,5400,0.0,0.0
2026-01-02,1.05,1.071,1.05,1.07,0.784667,1000,0.0,0.0
2026-01-05,1.26,1.99,1.16,1.99,1.459333,49475800,0.0,0.0
2026-01-06,1.84,2.37,1.6,2.33,1.708667,1641200,0.0,0.0
2026-01-07,2.35,2.45,2.12,2.3,1.686667,545700,0.0,0.0
2026-01-08,2.42,2.49,2.22,2.48,1.818667,288600,0.0,0.0
2026-01-09,2.34,2.5,2.34,2.45,1.796667,139000,0.0,0.0
2026-01-12,2.38,2.425,1.92,2.06,1.510667,254800,0.0,0.0
2026-01-13,2.01,2.14,1.98,2.02,1.481333,425100,0.0,0.0
2026-01-14,1.96,1.986,1.77,1.93,1.415333,233200,0.0,0.0
2026-01-15,1.89,1.952,1.57,1.59,1.166,463600,0.0,0.0
2026-01-16,1.65,2.35,1.65,2.0,1.466667,1720200,0.0,0.0
2026-01-20,1.96,2.03,1.8,1.9,1.393333,445400,0.0,0.0
2026-01-21,1.74,1.899,1.73,1.76,1.290667,240700,0.0,0.0
2026-01-22,1.57,1.57,1.33,1.35,0.99,180500,0.0,0.0
2026-01-23,1.42,1.45,1.385,1.44,1.056,138600,0.0,0.0
2026-01-26,1.46,1.66,1.458,1.61,1.180667,162900,0.0,0.0
2026-01-27,1.63,1.65,1.55,1.58,1.158667,44800,0.0,0.0
2026-01-28,1.6,1.69,1.6,1.65,1.21,75600,0.0,0.0
2026-01-29,1.24,1.631,1.17,1.42,1.42,652800,0.44,0.0
2026-01-30,1.42,1.42,1.25,1.3,1.3,108100,0.0,0.0
2026-02-02,1.3,1.376,1.17,1.23,1.23,39700,0.0,0.0
2026-02-03,1.21,1.24,1.1,1.15,1.15,48500,0.0,0.0
2026-02-04,1.19,1.2,1.06,1.07,1.07,49300,0.0,0.0
2026-02-05,1.1,1.13,0.96,1.02,1.02,59200,0.0,0.0
2026-02-06,1.02,1.02,0.851,0.862,0.862,58000,0.0,0.0
2026-02-09,0.97,0.97,0.861,0.906,0.906,226500,0.0,0.0
2026-02-10,0.89,0.94,0.889,0.93,0.93,62400,0.0,0.0
2026-02-11,0.91,0.91,0.868,0.89,0.89,31100,0.0,0.0
2026-02-12,0.891,0.894,0.801,0.85,0.85,56900,0.0,0.0
2026-02-13,0.8,0.868,0.8,0.868,0.868,16300,0.0,0.0
2026-02-17,0.855,0.87,0.8,0.82,0.82,43500,0.0,0.0
2026-02-18,0.82,0.85,0.801,0.85,0.85,13300,0.0,0.0
2026-02-19,0.811,0.837,0.77,0.787,0.787,43200,0.0,0.0
2026-02-20,0.787,0.791,0.77,0.785,0.785,19000,0.0,0.0
2026-02-23,0.78,1.15,0.78,0.895,0.895,683900,0.0,0.0
2026-02-24,0.851,0.957,0.825,0.935,0.935,54100,0.0,0.0
2026-02-25,0.935,1.0,0.92,0.97,0.97,11000,0.0,0.0
2026-02-26,0.936,1.088,0.936,1.02,1.02,13300,0.0,0.0
2026-02-27,1.01,1.38,1.01,1.21,1.21,499500,0.0,0.0
2026-03-02,1.2,1.21,1.13,1.19,1.19,34400,0.0,0.0
2026-03-03,1.18,1.18,1.081,1.1,1.1,21600,0.0,0.0
2026-03-04,1.08,1.18,1.08,1.12,1.12,22900,0.0,0.0
2026-03-05,1.12,1.15,1.07,1.1,1.1,25200,0.0,0.0
2026-03-06,1.04,1.09,1.04,1.09,1.09,3700,0.0,0.0
2026-03-09,1.08,1.08,1.03,1.04,1.04,9900,0.0,0.0
2026-03-10,1.058,1.06,1.05,1.05,1.05,2000,0.0,0.0
2026-03-11,1.025,1.05,0.99,1.05,1.05,13300,0.0,0.0
2026-03-12,1.017,1.04,1.0,1.04,1.04,9900,0.0,0.0
2026-03-13,1.06,1.07,1.03,1.05,1.05,12200,0.0,0.0
2026-03-16,1.1,1.1,0.993,1.05,1.05,23300,0.0,0.0
2026-03-17,1.05,1.07,1.0,1.05,1.05,15100,0.0,0.0
2026-03-18,1.05,1.05,1.02,1.02,1.02,3500,0.0,0.0
2026-03-19,1.045,1.045,0.98,0.981,0.981,4900,0.0,0.0
2026-03-20,1.021,1.021,0.981,0.985,0.985,8900,0.0,0.0
2026-03-23,0.985,1.0,0.985,1.0,1.0,6100,0.0,0.0
2026-03-24,0.994,1.06,0.986,1.0,1.0,12600,0.0,0.0
2026-03-25,1.036,1.04,0.985,0.985,0.985,3700,0.0,0.0
2026-03-26,1.018,1.05,0.985,0.99,0.99,6400,0.0,0.0
2026-03-27,1.005,1.02,1.0,1.0,1.0,4000,0.0,0.0
2026-03-30,1.06,2.0,0.99,1.72,1.72,36731800,0.0,0.0
2026-03-31,1.57,1.95,1.42,1.78,1.78,1491500,0.0,0.0
2026-04-01,1.99,2.36,1.61,1.63,1.63,1755000,0.0,0.0
2026-04-02,1.52,1.629,1.32,1.35,1.35,144900,0.0,0.0
2026-04-06,1.31,1.496,1.25,1.31,1.31,167800,0.0,0.0
2026-04-07,1.27,1.306,1.17,1.22,1.22,62100,0.0,0.0
2026-04-08,1.23,1.24,1.18,1.22,1.22,20200,0.0,0.0
2026-04-09,1.01,1.37,1.01,1.28,1.28,106200,0.0,0.0
2026-04-10,1.27,1.273,1.14,1.17,1.17,63400,0.0,0.0
2026-04-13,1.18,1.21,1.14,1.14,1.14,18800,0.0,0.0
2026-04-14,1.17,1.3,1.11,1.21,1.21,80900,0.0,0.0
2026-04-15,1.17,1.44,1.17,1.4,1.4,151300,0.0,0.0
2026-04-16,1.41,1.41,1.29,1.36,1.36,35100,0.0,0.0
2026-04-17,1.34,1.41,1.34,1.37,1.37,37000,0.0,0.0
2026-04-20,1.41,1.41,1.1,1.21,1.21,130300,0.0,0.0
2026-04-21,1.22,1.22,1.03,1.04,1.04,226600,0.0,0.0
2026-04-22,1.07,1.14,0.98,1.12,1.12,174500,0.0,0.0
2026-04-23,1.11,1.135,1.04,1.06,1.06,51600,0.0,0.0
2026-04-24,1.06,1.17,1.055,1.14,1.14,34900,0.0,0.0
2026-04-27,1.17,1.17,1.08,1.14,1.14,27500,0.0,0.0
2026-04-28,1.13,1.13,1.06,1.1,1.1,33100,0.0,0.0
2026-04-29,1.12,1.12,1.06,1.1,1.1,12300,0.0,0.0
2026-04-30,1.1,1.105,1.068,1.09,1.09,6000,0.0,0.0
2026-05-01,1.06,1.15,1.06,1.13,1.13,50400,0.0,0.0
2026-05-04,1.13,1.16,1.07,1.07,1.07,6200,0.0,0.0
2026-05-05,1.08,1.125,1.04,1.08,1.08,25900,0.0,0.0
2026-05-06,1.09,1.12,1.05,1.09,1.09,46800,0.0,0.0
2026-05-07,1.11,1.16,1.06,1.09,1.09,22800,0.0,0.0
2026-05-08,1.08,1.136,1.08,1.105,1.105,19800,0.0,0.0
2026-05-11,1.15,1.34,1.15,1.29,1.29,199300,0.0,0.0
2026-05-12,1.37,1.37,1.25,1.25,1.25,33400,0.0,0.0
2026-05-13,1.29,1.44,1.29,1.4,1.4,31400,0.0,0.0
2026-05-14,1.38,1.4,1.27,1.27,1.27,24000,0.0,0.0
2026-05-15,1.269,1.35,1.24,1.24,1.24,26200,0.0,0.0
2026-05-18,1.26,1.26,1.14,1.14,1.14,38400,0.0,0.0
2026-05-19,1.17,1.2,1.16,1.16,1.16,5100,0.0,0.0
2026-05-20,1.16,1.31,1.16,1.23,1.23,12900,0.0,0.0
2026-05-21,1.49,1.49,1.23,1.23,1.23,5700,0.0,0.0
2026-05-22,1.21,1.304,1.21,1.24,1.24,11900,0.0,0.0
2026-05-26,1.27,1.275,1.25,1.25,1.25,9900,0.0,0.0
2026-05-27,1.25,1.33,1.23,1.33,1.33,2400,0.0,0.0
2026-05-28,1.32,1.33,1.26,1.32,1.32,6600,0.0,0.0
2026-05-29,1.34,1.41,1.33,1.37,1.37,25500,0.0,0.0
2026-06-01,1.4,1.41,1.28,1.28,1.28,163200,0.0,0.0
2026-06-02,1.29,1.41,1.24,1.32,1.32,36100,0.0,0.0
2026-06-03,1.37,1.37,1.27,1.35,1.35,22700,0.0,0.0
2026-06-04,1.4,1.41,1.32,1.41,1.41,2500,0.0,0.0
2026-06-05,1.38,1.4,1.26,1.4,1.4,13100,0.0,0.0
2026-06-08,1.38,1.49,1.33,1.49,1.49,25700,0.0,0.0
2026-06-09,1.48,1.48,1.39,1.44,1.44,16300,0.0,0.0
2026-06-10,1.4,1.62,1.385,1.51,1.51,108300,0.0,0.0
2026-06-11,1.54,1.6,1.41,1.495,1.495,32100,0.0,0.0
2026-06-12,1.568,1.62,1.48,1.48,1.48,26000,0.0,0.0
2026-06-15,1.54,1.57,1.35,1.44,1.44,33300,0.0,0.0
2026-06-16,1.43,1.455,1.23,1.27,1.27,20400,0.0,0.0
2026-06-17,1.28,1.4,1.28,1.305,1.305,8400,0.0,0.0
2026-06-18,1.4,1.4,1.33,1.33,1.33,11200,0.0,0.0
2026-06-22,1.43,1.43,1.22,1.22,1.22,20200,0.0,0.0
2026-06-23,1.21,1.32,1.21,1.29,1.29,17400,0.0,0.0
2026-06-24,1.33,1.33,1.24,1.25,1.25,6400,0.0,0.0
2026-06-25,1.23,1.34,1.2,1.21,1.21,11700,0.0,0.0
2026-06-26,1.25,1.31,1.23,1.29,1.29,15000,0.0,0.0
2026-06-29,1.31,1.33,1.24,1.33,1.33,5300,0.0,0.0
2026-06-30,1.33,1.5,1.31,1.42,1.42,102700,0.0,0.0
2026-07-01,1.4,1.465,1.33,1.33,1.33,16200,0.0,0.0
2026-07-02,1.33,1.365,1.3,1.3,1.3,14400,0.0,0.0
2026-07-06,1.325,1.35,1.31,1.31,1.31,5100,0.0,0.0
2026-07-07,1.29,1.32,1.25,1.3,1.3,52800,0.0,0.0
2026-07-08,1.24,1.31,1.24,1.285,1.285,3100,0.0,0.0
2026-07-09,1.325,1.34,1.296,1.31,1.31,8000,0.0,0.0
2026-07-10,1.33,1.33,1.27,1.32,1.32,7800,0.0,0.0
