Date,Open,High,Low,Close,Adj Close,Volume,Dividends,Stock Splits
2026-06-11,1.15,1.53,1.14,1.42,1.42,2359000,0.0,0.0
2026-06-12,1.25,1.45,1.24,1.25,1.25,472500,0.0,0.0
2026-06-15,1.27,1.31,1.21,1.25,1.25,308200,0.0,0.0
2026-06-16,1.19,1.56,1.19,1.42,1.42,768200,0.0,0.0
2026-06-17,1.35,1.487,1.35,1.37,1.37,165700,0.0,0.0
2026-06-18,1.33,1.44,1.33,1.4,1.4,84500,0.0,0.0
2026-06-22,1.36,1.38,1.3,1.33,1.33,163600,0.0,0.0
2026-06-23,1.26,1.355,1.26,1.33,1.33,47100,0.0,0.0
2026-06-24,1.29,1.36,1.27,1.3,1.3,56000,0.0,0.0
2026-06-25,1.27,1.29,1.25,1.26,1.26,51300,0.0,0.0
2026-06-26,1.22,1.3,1.22,1.27,1.27,101300,0.0,0.0
2026-06-29,1.27,1.34,1.257,1.29,1.29,43400,0.0,0.0
2026-06-30,1.3,1.37,1.3,1.33,1.33,50600,0.0,0.0
2026-07-01,1.3,1.37,1.3,1.31,1.31,23900,0.0,0.0
2026-07-02,1.31,1.33,1.27,1.27,1.27,24400,0.0,0.0
2026-07-06,1.24,1.32,1.24,1.26,1.26,28500,0.0,0.0
2026-07-07,1.25,1.3,1.24,1.27,1.27,26300,0.0,0.0
2026-07-08,1.25,1.28,1.25,1.25,1.25,17400,0.0,0.0
2026-07-09,1.74,1.745,1.29,1.29,1.29,27735200,0.0,0.0
2026-07-10,1.6,2.1,1.4,1.62,1.62,25480600,0.0,0.0
2026-07-13,1.31,1.45,1.31,1.37,1.37,749700,0.0,0.0
2026-07-14,1.31,1.53,1.3,1.5,1.5,409000,0.0,0.0
2026-07-15,1.36,1.412,1.35,1.37,1.37,175700,0.0,0.0
2026-07-16,1.392,1.4,1.36,1.36,1.36,125200,0.0,0.0
2026-07-17,1.36,1.42,1.32,1.41,1.41,88700,0.0,0.0
2026-07-20,1.38,1.53,1.38,1.43,1.43,148600,0.0,0.0
2026-07-21,1.422,1.48,1.422,1.45,1.45,103300,0.0,0.0
2026-07-22,1.43,1.49,1.4,1.4,1.4,83400,0.0,0.0
2026-07-23,1.39,1.4,1.295,1.31,1.31,66300,0.0,0.0
2026-07-24,1.28,1.302,1.27,1.28,1.28,34200,0.0,0.0
2026-07-27,1.27,1.29,1.25,1.25,1.25,17000,0.0,0.0
2026-07-28,1.25,1.33,1.25,1.26,1.26,22500,0.0,0.0
2026-07-29,1.265,1.27,1.25,1.25,1.25,25100,0.0,0.0
2026-07-30,1.27,1.27,1.25,1.25,1.25,27500,0.0,0.0
2026-07-31,1.17,1.35,1.17,1.31,1.31,91800,0.0,0.0
2026-08-03,1.285,1.295,1.12,1.25,1.25,63900,0.0,0.0
2026-08-04,1.27,1.3,1.25,1.25,1.25,10800,0.0,0.0
2026-08-05,1.25,1.45,1.25,1.36,1.36,79900,0.0,0.0
2026-08-06,1.32,1.468,1.32,1.33,1.33,141200,0.0,0.0
2026-08-07,1.37,1.38,1.3,1.3,1.3,7600,0.0,0.0
2026-08-10,1.28,1.32,1.28,1.305,1.305,14300,0.0,0.0
2026-08-11,1.3,1.36,1.26,1.27,1.27,23800,0.0,0.0
2026-08-12,1.08,1.19,1.0,1.19,1.19,4776000,0.0,0.0
2026-08-13,1.15,1.73,1.1,1.62,1.62,1328900,0.0,0.0
2026-08-14,1.64,1.796,1.62,1.73,1.73,175500,0.0,0.0
2026-08-17,1.7,1.75,1.6,1.65,1.65,49600,0.0,0.0
2026-08-18,1.57,1.625,1.55,1.55,1.55,28000,0.0,0.0
2026-08-19,1.5,1.5,1.37,1.37,1.37,49600,0.0,0.0
2026-08-20,1.34,1.5,1.3,1.45,1.45,160200,0.0,0.0
2026-08-21,1.44,1.44,1.36,1.37,1.37,11800,0.0,0.0
2026-08-24,1.3211,1.38,1.3211,1.35,1.35,13886,0.0,0.0
